DAY	Sample ID	Group	Gluc	Lac	NH4+	Ala	Arg	Asn	Asp	Cys	Gln	Glu	Gly	His	Ile	Leu	Lys	Met	Phe	Pro	Ser	Thr	Trp	Tyr	Val	Na+	K+	Ca++	pH	PO2	PCO2	Osm	Total Density	Viable Density	Viability	Average Live Diameter	IgG	Culture Volume mL	Sample Removed mL	FunctionMax mL	CellBoost 7A mL	CellBoost 7B mL	FunctionMax Gluc mM	FunctionMax Lac mM	FunctionMax NH4+ mM	FunctionMax Ala mM	FunctionMax Arg mM	FunctionMax Asn mM	FunctionMax Asp mM	FunctionMax Cys mM	FunctionMax Gln mM	FunctionMax Glu mM	FunctionMax Gly mM	FunctionMax His mM	FunctionMax Ile mM	FunctionMax Leu mM	FunctionMax Lys mM	FunctionMax Met mM	FunctionMax Phe mM	FunctionMax Pro mM	FunctionMax Ser mM	FunctionMax Thr mM	FunctionMax Trp mM	FunctionMax Tyr mM	FunctionMax Val mM	CellBoost 7A Gluc mM	CellBoost 7A Lac mM	CellBoost 7A NH4+ mM	CellBoost 7A Ala mM	CellBoost 7A Arg mM	CellBoost 7A Asn mM	CellBoost 7A Asp mM	CellBoost 7A Cys mM	CellBoost 7A Gln mM	CellBoost 7A Glu mM	CellBoost 7A Gly mM	CellBoost 7A His mM	CellBoost 7A Ile mM	CellBoost 7A Leu mM	CellBoost 7A Lys mM	CellBoost 7A Met mM	CellBoost 7A Phe mM	CellBoost 7A Pro mM	CellBoost 7A Ser mM	CellBoost 7A Thr mM	CellBoost 7A Trp mM	CellBoost 7A Tyr mM	CellBoost 7A Val mM	CellBoost 7B Gluc mM	CellBoost 7B Lac mM	CellBoost 7B NH4+ mM	CellBoost 7B Ala mM	CellBoost 7B Arg mM	CellBoost 7B Asn mM	CellBoost 7B Asp mM	CellBoost 7B Cys mM	CellBoost 7B Gln mM	CellBoost 7B Glu mM	CellBoost 7B Gly mM	CellBoost 7B His mM	CellBoost 7B Ile mM	CellBoost 7B Leu mM	CellBoost 7B Lys mM	CellBoost 7B Met mM	CellBoost 7B Phe mM	CellBoost 7B Pro mM	CellBoost 7B Ser mM	CellBoost 7B Thr mM	CellBoost 7B Trp mM	CellBoost 7B Tyr mM	CellBoost 7B Val mM
3	Low01	Low	34.36799999999999	1.008	0.3192	1.272	1.484	1.272	0.8480000000000001	0.371	6.784000000000001	1.06	1.166	0.5830000000000001	1.113	1.908	1.908	0.5830000000000001	0.901	1.06	1.59	1.166	0.265	0.477	1.855	145.0	5.0	1.4	7.15	45.0	40	315.0	349.9596	3.3948	93.11999999999999	15.5	80	50.0	0	0.0	0.0	0.0	550	0	0	20	25	45	5	8	90	15	15	12	22	28	28	10	16	18	32	24	5	8	25	120	0	0	35	45	60	10	10	60	18	25	18	40	50	50	18	28	25	45	40	8	12	42	80	0	0	25	35	35	8	12	35	25	18	15	35	45	42	16	24	40	35	34	7	10	36
5	Low01	Low	31.872	4.032000000000001	0.9119999999999999	1.29744	1.51368	1.29744	0.86496	0.37842	6.36	1.325	1.18932	0.5946600000000001	1.13526	1.94616	1.94616	0.5946600000000001	0.9190200000000001	1.0812	1.6218	1.18932	0.2703	0.48654	1.8921	146.5	5.05	1.4	7.148181818181818	42.0	45	325.0	893.3467189090907	8.607495272727268	91.97818181818181	15.6	280	50.4	1	1.0	0.4	0.0	550	0	0	20	25	45	5	8	90	15	15	12	22	28	28	10	16	18	32	24	5	8	25	120	0	0	35	45	60	10	10	60	18	25	18	40	50	50	18	28	25	45	40	8	12	42	80	0	0	25	35	35	8	12	35	25	18	15	35	45	42	16	24	40	35	34	7	10	36
7	Low01	Low	29.28	7.840000000000001	1.71	1.3356	1.5582	1.3356	0.8904	0.38902	5.83	1.643	1.2243	0.61268	1.16918	2.0034	2.0034	0.61268	0.94552	1.113	1.6695	1.2243	0.27878	0.50138	1.94828	148.0	5.1	1.4	7.146363636363636	39.0	50	335.0	1442.407313454545	13.80194181818182	90.83636363636364	15.7	700	51.8	1	1.5	0.5	0.4	550	0	0	20	25	45	5	8	90	15	15	12	22	28	28	10	16	18	32	24	5	8	25	120	0	0	35	45	60	10	10	60	18	25	18	40	50	50	18	28	25	45	40	8	12	42	80	0	0	25	35	35	8	12	35	25	18	15	35	45	42	16	24	40	35	34	7	10	36
10	Low01	Low	19.52380505320113	12.67898465018128	4.473720221079081	4.917345646933692	3.042470099577819	3.533374010695009	1.11785340027475	0.7701153995195563	4.901532909892655	3.388661506819291	1.951643180570646	1.268924789538041	2.448504855923253	3.571716407769168	3.515503065054639	1.160194961779963	1.804102592015083	2.085265191582107	3.247226977840443	2.541186448513715	0.5411503999367097	0.8813953995195563	3.273531740903512	149.5	5.15	1.4	7.113636363636363	35.57142857142857	55	345.0	1772.370602181818	15.79387090909091	81.27220779220778	15.8	1700	54.1	1	2.0	0.7	0.6	550	0	0	20	25	45	5	8	90	15	15	12	22	28	28	10	16	18	32	24	5	8	25	120	0	0	35	45	60	10	10	60	18	25	18	40	50	50	18	28	25	45	40	8	12	42	80	0	0	25	35	35	8	12	35	25	18	15	35	45	42	16	24	40	35	34	7	10	36
12	Low01	Low	9.761902526600567	16.48268004523567	5.815836287402805	6.3925493410138	1.521235049788909	1.766687005347504	0.5589267001373752	0.3850576997597782	2.450766454946327	4.405259958865078	0.9758215902853232	0.6344623947690203	1.224252427961627	1.785858203884584	1.75775153252732	0.5800974808899815	0.9020512960075415	1.042632595791053	1.623613488920221	1.270593224256857	0.2705751999683548	0.4406976997597781	1.636765870451756	151.0	5.2	1.4	7.081818181818183	32.28571428571428	60	355.0	1581.081136363636	12.85394727272728	71.69610389610389	15.9	2700	55.7	1	1.5	0.5	0.6	550	0	0	20	25	45	5	8	90	15	15	12	22	28	28	10	16	18	32	24	5	8	25	120	0	0	35	45	60	10	10	60	18	25	18	40	50	50	18	28	25	45	40	8	12	42	80	0	0	25	35	35	8	12	35	25	18	15	35	45	42	16	24	40	35	34	7	10	36
14	Low01	Low	3.904761010640227	20.03279574728643	7.068477949304947	7.769406122155234	0.6084940199155637	0.7066748021390018	0.2235706800549501	0.1540230799039113	0.980306581978531	5.35408518077448	0.3903286361141293	0.2537849579076081	0.4897009711846507	0.7143432815538335	0.7031006130109279	0.2320389923559926	0.3608205184030167	0.4170530383164214	0.6494453955680886	0.508237289702743	0.1082300799873419	0.1762790799039113	0.6547063481807024	152.5	5.25	1.4	7.05	29.0	65	365.0	1102.342482	7.981470000000001	61.16	16.0	3500	55.7	1	0.5	0.2	0.3	550	0	0	20	25	45	5	8	90	15	15	12	22	28	28	10	16	18	32	24	5	8	25	120	0	0	35	45	60	10	10	60	18	25	18	40	50	50	18	28	25	45	40	8	12	42	80	0	0	25	35	35	8	12	35	25	18	15	35	45	42	16	24	40	35	34	7	10	36
3	Low02	Low	33.65199999999999	0.9720000000000001	0.3080000000000001	1.236	1.442	1.236	0.8240000000000001	0.3605	6.592000000000001	1.03	1.133	0.5665000000000001	1.0815	1.854	1.854	0.5665000000000001	0.8755	1.03	1.545	1.133	0.2575	0.4635	1.8025	145.0	5.0	1.4	7.15	45.0	40	318.15	396.4312	3.845599999999999	94.09	15.5	90	50.0	0	0.0	0.0	0.0	550	0	0	20	25	45	5	8	90	15	15	12	22	28	28	10	16	18	32	24	5	8	25	120	0	0	35	45	60	10	10	60	18	25	18	40	50	50	18	28	25	45	40	8	12	42	80	0	0	25	35	35	8	12	35	25	18	15	35	45	42	16	24	40	35	34	7	10	36
5	Low02	Low	31.208	3.888	0.8800000000000001	1.26072	1.47084	1.26072	0.84048	0.36771	6.18	1.2875	1.15566	0.5778300000000001	1.10313	1.89108	1.89108	0.5778300000000001	0.89301	1.0506	1.5759	1.15566	0.26265	0.47277	1.83855	146.5	5.05	1.4	7.148181818181818	42.0	45	328.25	1011.975416	9.750496	92.93818181818182	15.6	350	50.4	1	1.0	0.4	0.0	550	0	0	20	25	45	5	8	90	15	15	12	22	28	28	10	16	18	32	24	5	8	25	120	0	0	35	45	60	10	10	60	18	25	18	40	50	50	18	28	25	45	40	8	12	42	80	0	0	25	35	35	8	12	35	25	18	15	35	45	42	16	24	40	35	34	7	10	36
7	Low02	Low	28.67	7.56	1.65	1.2978	1.5141	1.2978	0.8652	0.37801	5.665	1.5965	1.18965	0.59534	1.13609	1.9467	1.9467	0.59534	0.91876	1.0815	1.62225	1.18965	0.27089	0.48719	1.89314	148.0	5.1	1.4	7.146363636363636	39.0	50	338.35	1633.946496	15.63472	91.78636363636363	15.7	850	51.8	1	1.5	0.5	0.4	550	0	0	20	25	45	5	8	90	15	15	12	22	28	28	10	16	18	32	24	5	8	25	120	0	0	35	45	60	10	10	60	18	25	18	40	50	50	18	28	25	45	40	8	12	42	80	0	0	25	35	35	8	12	35	25	18	15	35	45	42	16	24	40	35	34	7	10	36
10	Low02	Low	17.620552758122	11.96369925737523	4.225910401135674	4.791172220380037	2.84823338943586	3.243828415541589	1.032920121023882	0.688634743782329	4.529222402969317	3.254836195478004	1.786722923955933	1.181383246554972	2.244541858612643	3.284342534165176	3.217995086683327	1.052385209262255	1.636602796252274	1.872690492461663	2.979035452996377	2.325595668062403	0.493059415248207	0.7968699378673568	3.018053859974862	149.5	5.15	1.4	7.113636363636363	35.57142857142857	55	348.45	2007.726048	17.89116	83.00935064935065	15.8	2100	54.1	1	2.0	0.7	0.6	550	0	0	20	25	45	5	8	90	15	15	12	22	28	28	10	16	18	32	24	5	8	25	120	0	0	35	45	60	10	10	60	18	25	18	40	50	50	18	28	25	45	40	8	12	42	80	0	0	25	35	35	8	12	35	25	18	15	35	45	42	16	24	40	35	34	7	10	36
12	Low02	Low	8.810276379061	15.5528090345878	5.493683521476377	6.228523886494049	1.42411669471793	1.621914207770795	0.5164600605119408	0.3443173718911645	2.264611201484659	4.231287054121405	0.8933614619779666	0.5906916232774861	1.122270929306322	1.642171267082588	1.608997543341664	0.5261926046311275	0.8183013981261368	0.9363452462308317	1.489517726498188	1.162797834031202	0.2465297076241035	0.3984349689336784	1.509026929987431	151.0	5.2	1.4	7.081818181818183	32.28571428571428	60	358.55	1791.035000000001	14.56084	73.92467532467532	15.9	3600	55.7	1	1.5	0.5	0.6	550	0	0	20	25	45	5	8	90	15	15	12	22	28	28	10	16	18	32	24	5	8	25	120	0	0	35	45	60	10	10	60	18	25	18	40	50	50	18	28	25	45	40	8	12	42	80	0	0	25	35	35	8	12	35	25	18	15	35	45	42	16	24	40	35	34	7	10	36
14	Low02	Low	3.5241105516244	18.90264482665286	6.676938433794365	7.57005210820046	0.569646677887172	0.648765683108318	0.2065840242047763	0.1377269487564658	0.9058444805938635	5.142641188855246	0.3573445847911867	0.2362766493109945	0.4489083717225286	0.6568685068330352	0.6435990173366655	0.210477041852451	0.3273205592504547	0.3745380984923327	0.5958070905992754	0.4651191336124806	0.09861188304964141	0.1593739875734714	0.6036107719949724	152.5	5.25	1.4	7.05	29.0	65	368.65	1248.724004	9.04134	63.87	16.0	4800	55.7	1	0.5	0.2	0.3	550	0	0	20	25	45	5	8	90	15	15	12	22	28	28	10	16	18	32	24	5	8	25	120	0	0	35	45	60	10	10	60	18	25	18	40	50	50	18	28	25	45	40	8	12	42	80	0	0	25	35	35	8	12	35	25	18	15	35	45	42	16	24	40	35	34	7	10	36
3	Low03	Low	32.936	0.936	0.2968000000000001	1.212	1.414	1.212	0.808	0.3535	6.464	1.01	1.111	0.5555000000000001	1.0605	1.818	1.818	0.5555000000000001	0.8584999999999999	1.01	1.515	1.111	0.2525	0.4545	1.7675	145.0	5.0	1.4	7.15	45.0	40	321.3	445.748	4.324	95.06	15.655	110	50.0	0	0.0	0.0	0.0	550	0	0	20	25	45	5	8	90	15	15	12	22	28	28	10	16	18	32	24	5	8	25	120	0	0	35	45	60	10	10	60	18	25	18	40	50	50	18	28	25	45	40	8	12	42	80	0	0	25	35	35	8	12	35	25	18	15	35	45	42	16	24	40	35	34	7	10	36
5	Low03	Low	30.544	3.744	0.8480000000000001	1.23624	1.44228	1.23624	0.82416	0.36057	6.06	1.2625	1.13322	0.5666100000000001	1.08171	1.85436	1.85436	0.5666100000000001	0.87567	1.0302	1.5453	1.13322	0.25755	0.46359	1.80285	146.5	5.05	1.4	7.148181818181818	42.0	45	331.5	1137.867094545454	10.96347636363637	93.89818181818181	15.756	450	50.4	1	1.0	0.4	0.0	550	0	0	20	25	45	5	8	90	15	15	12	22	28	28	10	16	18	32	24	5	8	25	120	0	0	35	45	60	10	10	60	18	25	18	40	50	50	18	28	25	45	40	8	12	42	80	0	0	25	35	35	8	12	35	25	18	15	35	45	42	16	24	40	35	34	7	10	36
7	Low03	Low	28.06	7.28	1.59	1.2726	1.4847	1.2726	0.8483999999999999	0.37067	5.555	1.5655	1.16655	0.58378	1.11403	1.9089	1.9089	0.58378	0.90092	1.0605	1.59075	1.16655	0.26563	0.47773	1.85638	148.0	5.1	1.4	7.146363636363636	39.0	50	341.7	1837.212567272728	17.57970909090909	92.73636363636363	15.857	1100	51.8	1	1.5	0.5	0.4	550	0	0	20	25	45	5	8	90	15	15	12	22	28	28	10	16	18	32	24	5	8	25	120	0	0	35	45	60	10	10	60	18	25	18	40	50	50	18	28	25	45	40	8	12	42	80	0	0	25	35	35	8	12	35	25	18	15	35	45	42	16	24	40	35	34	7	10	36
10	Low03	Low	16.16833312362964	11.00831527532448	3.966344341417577	4.60064756061435	2.638822427026718	2.91759831491514	0.9443300059308349	0.5970183895440766	4.285084865968072	3.094931161579566	1.607512240206889	1.085726300819492	2.017990728449135	2.970216224213611	2.891784718732583	0.9325601475284153	1.450344431583532	1.635070239603965	2.68302536370573	2.085964694317459	0.4396868061720046	0.7032237130191228	2.741175509603091	149.5	5.15	1.4	7.113636363636363	35.57142857142857	55	351.9	2257.491010909091	20.11685454545454	84.7464935064935	15.958	2800	54.1	1	2.0	0.7	0.6	550	0	0	20	25	45	5	8	90	15	15	12	22	28	28	10	16	18	32	24	5	8	25	120	0	0	35	45	60	10	10	60	18	25	18	40	50	50	18	28	25	45	40	8	12	42	80	0	0	25	35	35	8	12	35	25	18	15	35	45	42	16	24	40	35	34	7	10	36
12	Low03	Low	8.084166561814818	14.31080985792183	5.15624764384285	5.980841828798655	1.319411213513359	1.45879915745757	0.4721650029654175	0.2985091947720383	2.142542432984036	4.023410510053436	0.8037561201034447	0.5428631504097462	1.008995364224567	1.485108112106805	1.445892359366291	0.4662800737642077	0.7251722157917662	0.8175351198019827	1.341512681852865	1.042982347158729	0.2198434030860023	0.3516118565095614	1.370587754801546	151.0	5.2	1.4	7.081818181818183	32.28571428571428	60	362.1	2013.843181818182	16.37223636363637	76.15324675324676	16.059	4700	55.7	1	1.5	0.5	0.6	550	0	0	20	25	45	5	8	90	15	15	12	22	28	28	10	16	18	32	24	5	8	25	120	0	0	35	45	60	10	10	60	18	25	18	40	50	50	18	28	25	45	40	8	12	42	80	0	0	25	35	35	8	12	35	25	18	15	35	45	42	16	24	40	35	34	7	10	36
14	Low03	Low	3.233666624725927	17.39313813501268	6.266824059439772	7.269023145770674	0.5277644854053436	0.583519662983028	0.188866001186167	0.1194036779088153	0.8570169731936144	4.889991235295715	0.3215024480413779	0.2171452601638985	0.4035981456898269	0.5940432448427221	0.5783569437465166	0.1865120295056831	0.2900688863167065	0.3270140479207931	0.536605072741146	0.4171929388634918	0.08793736123440093	0.1406447426038246	0.5482351019206183	152.5	5.25	1.4	7.05	29.0	65	372.3	1404.06766	10.1661	66.58	16.16	6200	55.7	1	0.5	0.2	0.3	550	0	0	20	25	45	5	8	90	15	15	12	22	28	28	10	16	18	32	24	5	8	25	120	0	0	35	45	60	10	10	60	18	25	18	40	50	50	18	28	25	45	40	8	12	42	80	0	0	25	35	35	8	12	35	25	18	15	35	45	42	16	24	40	35	34	7	10	36
3	Mother01	Mother	35.8	0.882	0.2744	1.176	1.372	1.176	0.784	0.343	6.272	0.98	1.078	0.539	1.029	1.764	1.764	0.539	0.833	0.98	1.47	1.078	0.245	0.441	1.715	145.0	5.0	1.4	7.15	45.0	40	315.0	455.232	4.415999999999999	96.03	15.5	120	50.0	0	0.0	0.0	0.0	550	0	0	20	25	45	5	8	90	15	15	12	22	28	28	10	16	18	32	24	5	8	25	120	0	0	35	45	60	10	10	60	18	25	18	40	50	50	18	28	25	45	40	8	12	42	80	0	0	25	35	35	8	12	35	25	18	15	35	45	42	16	24	40	35	34	7	10	36
5	Mother01	Mother	33.2	3.528	0.784	1.19952	1.39944	1.19952	0.79968	0.34986	5.88	1.225	1.09956	0.54978	1.04958	1.79928	1.79928	0.54978	0.84966	0.9996	1.4994	1.09956	0.2499	0.44982	1.7493	146.5	5.05	1.4	7.15	42.0	45	325.0	1162.077032727272	11.19674181818182	95.03999999999999	15.6	600	50.4	1	1.0	0.4	0.0	550	0	0	20	25	45	5	8	90	15	15	12	22	28	28	10	16	18	32	24	5	8	25	120	0	0	35	45	60	10	10	60	18	25	18	40	50	50	18	28	25	45	40	8	12	42	80	0	0	25	35	35	8	12	35	25	18	15	35	45	42	16	24	40	35	34	7	10	36
7	Mother01	Mother	30.5	6.859999999999999	1.47	1.2348	1.4406	1.2348	0.8231999999999999	0.35966	5.39	1.519	1.1319	0.5664399999999999	1.08094	1.8522	1.8522	0.5664399999999999	0.87416	1.029	1.5435	1.1319	0.25774	0.46354	1.80124	148.0	5.1	1.4	7.15	39.0	50	335.0	1876.302196363636	17.95374545454546	94.05	15.7	1600	51.8	1	1.5	0.5	0.4	550	0	0	20	25	45	5	8	90	15	15	12	22	28	28	10	16	18	32	24	5	8	25	120	0	0	35	45	60	10	10	60	18	25	18	40	50	50	18	28	25	45	40	8	12	42	80	0	0	25	35	35	8	12	35	25	18	15	35	45	42	16	24	40	35	34	7	10	36
10	Mother01	Mother	29.18695178496386	7.870584534917828	2.546955553080827	3.465698328778357	2.419405886021173	2.586086334989077	0.8493247943345317	0.5037871460705089	5.094728619469667	2.62763558739842	1.420769463510401	0.9864341701000838	1.785490589493127	2.644233276618786	2.553989010979532	0.8096424964925556	1.259343460348042	1.392279743447218	2.377903420261737	1.840158116829843	0.384881199919879	0.606947663630583	2.452124520856326	149.5	5.15	1.4	7.12	36.21428571428572	55	345.0	2305.522734545455	20.54487272727273	87.12	15.8	3900	54.1	1	2.0	0.7	0.6	550	0	0	20	25	45	5	8	90	15	15	12	22	28	28	10	16	18	32	24	5	8	25	120	0	0	35	45	60	10	10	60	18	25	18	40	50	50	18	28	25	45	40	8	12	42	80	0	0	25	35	35	8	12	35	25	18	15	35	45	42	16	24	40	35	34	7	10	36
12	Mother01	Mother	18.09591010667759	9.051172215155502	2.928998886042951	3.98555307809511	1.500031649333127	1.603373527693228	0.5265813724874097	0.3123480305637155	3.158731744071193	3.021780925508183	0.8808770673764486	0.611589185462052	1.107004165485739	1.639424631503648	1.58347318680731	0.5019783478253844	0.7807929454157861	0.8632134409372755	1.474300120562277	1.140898032434503	0.2386263439503249	0.3763075514509614	1.520317202930922	151.0	5.2	1.4	7.090000000000001	33.35714285714285	60	355.0	2056.690909090909	16.72058181818182	79.2	15.9	6000	55.7	1	1.5	0.5	0.6	550	0	0	20	25	45	5	8	90	15	15	12	22	28	28	10	16	18	32	24	5	8	25	120	0	0	35	45	60	10	10	60	18	25	18	40	50	50	18	28	25	45	40	8	12	42	80	0	0	25	35	35	8	12	35	25	18	15	35	45	42	16	24	40	35	34	7	10	36
14	Mother01	Mother	10.21543312473735	10.38917158609153	3.361981330066692	4.574721793987431	0.8467920601074104	0.9051302172461768	0.2972636780170861	0.1763255011246781	1.783155016814383	3.468478975365915	0.4972693122286403	0.3452519595350293	0.6249217063225944	0.9254816468165752	0.8938961538428363	0.2833748737723945	0.4407702111218147	0.4872979102065265	0.8322661970916079	0.644055340890445	0.1347084199719576	0.212431682270704	0.8582435822997142	152.5	5.25	1.4	7.06	30.5	65	365.0	1433.94144	10.3824	70.29	16.0	8000	55.7	1	0.5	0.2	0.3	550	0	0	20	25	45	5	8	90	15	15	12	22	28	28	10	16	18	32	24	5	8	25	120	0	0	35	45	60	10	10	60	18	25	18	40	50	50	18	28	25	45	40	8	12	42	80	0	0	25	35	35	8	12	35	25	18	15	35	45	42	16	24	40	35	34	7	10	36
3	Mother02	Mother	36.516	0.846	0.266	1.152	1.344	1.152	0.768	0.336	6.144	0.96	1.056	0.528	1.008	1.728	1.728	0.528	0.816	0.96	1.44	1.056	0.24	0.432	1.68	145.0	5.0	1.4	7.15	45.0	40	318.15	488.426	4.738	97.0	15.655	140	50.0	0	0.0	0.0	0.0	550	0	0	20	25	45	5	8	90	15	15	12	22	28	28	10	16	18	32	24	5	8	25	120	0	0	35	45	60	10	10	60	18	25	18	40	50	50	18	28	25	45	40	8	12	42	80	0	0	25	35	35	8	12	35	25	18	15	35	45	42	16	24	40	35	34	7	10	36
5	Mother02	Mother	33.864	3.384	0.76	1.17504	1.37088	1.17504	0.78336	0.34272	5.76	1.2	1.07712	0.53856	1.02816	1.76256	1.76256	0.53856	0.83232	0.9792	1.4688	1.07712	0.2448	0.44064	1.7136	146.5	5.05	1.4	7.15	42.0	45	328.25	1246.811816363636	12.01317090909091	96.0	15.756	700	50.4	1	1.0	0.4	0.0	550	0	0	20	25	45	5	8	90	15	15	12	22	28	28	10	16	18	32	24	5	8	25	120	0	0	35	45	60	10	10	60	18	25	18	40	50	50	18	28	25	45	40	8	12	42	80	0	0	25	35	35	8	12	35	25	18	15	35	45	42	16	24	40	35	34	7	10	36
7	Mother02	Mother	31.11	6.58	1.425	1.2096	1.4112	1.2096	0.8063999999999999	0.35232	5.279999999999999	1.488	1.1088	0.5548799999999999	1.05888	1.8144	1.8144	0.5548799999999999	0.85632	1.008	1.512	1.1088	0.25248	0.45408	1.76448	148.0	5.1	1.4	7.15	39.0	50	338.35	2013.115898181819	19.26287272727273	95.0	15.857	1900	51.8	1	1.5	0.5	0.4	550	0	0	20	25	45	5	8	90	15	15	12	22	28	28	10	16	18	32	24	5	8	25	120	0	0	35	45	60	10	10	60	18	25	18	40	50	50	18	28	25	45	40	8	12	42	80	0	0	25	35	35	8	12	35	25	18	15	35	45	42	16	24	40	35	34	7	10	36
10	Mother02	Mother	30.43795885408167	7.348146690723575	2.295873665527138	3.268052100687615	2.154294085641069	2.167021504411024	0.7384543440531004	0.3861770674458075	5.239225239635692	2.48943438077634	1.193284720186523	0.864783499978155	1.495811842962527	2.244699015111746	2.138657302275248	0.6563969319761386	1.021097646906402	1.087818485024366	2.000198768613678	1.533686137519745	0.3166550340514199	0.4873077143958999	2.100978386523274	149.5	5.15	1.4	7.12	36.21428571428572	55	348.45	2473.633767272728	22.04293636363636	88.21428571428571	15.958	4700	54.1	1	2.0	0.7	0.6	550	0	0	20	25	45	5	8	90	15	15	12	22	28	28	10	16	18	32	24	5	8	25	120	0	0	35	45	60	10	10	60	18	25	18	40	50	50	18	28	25	45	40	8	12	42	80	0	0	25	35	35	8	12	35	25	18	15	35	45	42	16	24	40	35	34	7	10	36
12	Mother02	Mother	18.87153448953064	8.450368694332111	2.640254715356209	3.758259915790757	1.335662333097463	1.343553332734835	0.4578416933129222	0.2394297818164007	3.248319648574129	2.862849537892791	0.7398365265156445	0.536165769986456	0.9274033426367669	1.391713389369283	1.325967527410654	0.4069660978252059	0.6330805410819694	0.6744474607151069	1.24012323654048	0.9508854052622419	0.1963261211118804	0.302130782925458	1.30260659964443	151.0	5.2	1.4	7.090000000000001	33.35714285714285	60	358.55	2206.657954545455	17.93979090909091	80.35714285714286	16.059	7400	55.7	1	1.5	0.5	0.6	550	0	0	20	25	45	5	8	90	15	15	12	22	28	28	10	16	18	32	24	5	8	25	120	0	0	35	45	60	10	10	60	18	25	18	40	50	50	18	28	25	45	40	8	12	42	80	0	0	25	35	35	8	12	35	25	18	15	35	45	42	16	24	40	35	34	7	10	36
14	Mother02	Mother	10.65328559892858	9.69955363175512	3.030553238495822	4.313828772907653	0.7540029299743741	0.7584575265438582	0.2584590204185852	0.1351619736060326	1.833728833872492	3.28605338262477	0.4176496520652832	0.3026742249923542	0.5235341450368846	0.7856446552891112	0.7485300557963368	0.2297389261916485	0.3573841764172408	0.380736469758528	0.7000695690147873	0.5367901481319107	0.110829261917997	0.170557700038565	0.7353424352831458	152.5	5.25	1.4	7.06	30.5	65	368.65	1538.49967	11.13945	71.5	16.16	9800	55.7	1	0.5	0.2	0.3	550	0	0	20	25	45	5	8	90	15	15	12	22	28	28	10	16	18	32	24	5	8	25	120	0	0	35	45	60	10	10	60	18	25	18	40	50	50	18	28	25	45	40	8	12	42	80	0	0	25	35	35	8	12	35	25	18	15	35	45	42	16	24	40	35	34	7	10	36
3	Mother03	Mother	37.232	0.81	0.2576000000000001	1.128	1.316	1.128	0.752	0.329	6.016	0.94	1.034	0.517	0.987	1.692	1.692	0.517	0.7989999999999999	0.94	1.41	1.034	0.235	0.423	1.645	145.0	5.0	1.4	7.15	45.0	40	321.3	522.7580800000001	5.07104	97.97	15.655	160	50.0	0	0.0	0.0	0.0	550	0	0	20	25	45	5	8	90	15	15	12	22	28	28	10	16	18	32	24	5	8	25	120	0	0	35	45	60	10	10	60	18	25	18	40	50	50	18	28	25	45	40	8	12	42	80	0	0	25	35	35	8	12	35	25	18	15	35	45	42	16	24	40	35	34	7	10	36
5	Mother03	Mother	34.52800000000001	3.24	0.7360000000000001	1.15056	1.34232	1.15056	0.7670399999999999	0.33558	5.64	1.175	1.05468	0.52734	1.00674	1.72584	1.72584	0.52734	0.8149799999999999	0.9588	1.4382	1.05468	0.2397	0.43146	1.6779	146.5	5.05	1.4	7.15	42.0	45	331.5	1334.451792581818	12.85759185454546	96.96000000000001	15.756	850	50.4	1	1.0	0.4	0.0	550	0	0	20	25	45	5	8	90	15	15	12	22	28	28	10	16	18	32	24	5	8	25	120	0	0	35	45	60	10	10	60	18	25	18	40	50	50	18	28	25	45	40	8	12	42	80	0	0	25	35	35	8	12	35	25	18	15	35	45	42	16	24	40	35	34	7	10	36
7	Mother03	Mother	31.72	6.3	1.38	1.1844	1.3818	1.1844	0.7896	0.34498	5.17	1.457	1.0857	0.5433199999999999	1.03682	1.7766	1.7766	0.5433199999999999	0.83848	0.987	1.4805	1.0857	0.24722	0.44462	1.72772	148.0	5.1	1.4	7.15	39.0	50	341.7	2154.620355490909	20.61688436363637	95.95	15.857	2300	51.8	1	1.5	0.5	0.4	550	0	0	20	25	45	5	8	90	15	15	12	22	28	28	10	16	18	32	24	5	8	25	120	0	0	35	45	60	10	10	60	18	25	18	40	50	50	18	28	25	45	40	8	12	42	80	0	0	25	35	35	8	12	35	25	18	15	35	45	42	16	24	40	35	34	7	10	36
10	Mother03	Mother	31.9593594380174	6.779859511408018	2.069027718432048	3.039704000262195	1.862493360157069	1.703475131993144	0.6169083237301104	0.2561121571059546	5.454168865836222	2.27282809811842	0.9426695751059357	0.7306779981410747	1.175885647980846	1.804241735112066	1.68062331340473	0.4871380123973839	0.7579421700344602	0.7513305164768379	1.583350360146572	1.195187448084971	0.2413118214885887	0.3552129334460655	1.71424701871836	149.5	5.15	1.4	7.12	36.21428571428572	55	351.9	2647.508606836363	23.59236218181818	89.30857142857143	15.958	5600	54.1	1	2.0	0.7	0.6	550	0	0	20	25	45	5	8	90	15	15	12	22	28	28	10	16	18	32	24	5	8	25	120	0	0	35	45	60	10	10	60	18	25	18	40	50	50	18	28	25	45	40	8	12	42	80	0	0	25	35	35	8	12	35	25	18	15	35	45	42	16	24	40	35	34	7	10	36
12	Mother03	Mother	19.81480285157079	7.79683843811922	2.379381876196855	3.495659600301523	1.154745883297383	1.056154581835749	0.3824831607126685	0.1587895374056919	3.381584696818458	2.613752312836183	0.5844551365656802	0.4530203588474663	0.7290491017481248	1.118629875769481	1.041986454310933	0.302025567686378	0.4699241454213653	0.4658249202156395	0.9816772232908748	0.7410162178126821	0.149613329322925	0.2202320187365606	1.062833151605383	151.0	5.2	1.4	7.090000000000001	33.35714285714285	60	362.1	2361.766727272728	19.20080145454546	81.5142857142857	16.059	8700	55.7	1	1.5	0.5	0.6	550	0	0	20	25	45	5	8	90	15	15	12	22	28	28	10	16	18	32	24	5	8	25	120	0	0	35	45	60	10	10	60	18	25	18	40	50	50	18	28	25	45	40	8	12	42	80	0	0	25	35	35	8	12	35	25	18	15	35	45	42	16	24	40	35	34	7	10	36
14	Mother03	Mother	11.18577580330609	8.949414555058585	2.731116588330304	4.012409280346097	0.6518726760549741	0.5962162961976002	0.2159179133055386	0.08963925498708412	1.908959103042678	3.000133089516315	0.3299343512870775	0.2557372993493761	0.4115599767932962	0.6314846072892231	0.5882181596916556	0.1704983043390843	0.2652797595120611	0.2629656807668933	0.5541726260513002	0.4183156068297399	0.08445913752100605	0.1243245267061229	0.5999864565514258	152.5	5.25	1.4	7.06	30.5	65	372.3	1646.6427536	11.922456	72.71	16.16	11500	55.7	1	0.5	0.2	0.3	550	0	0	20	25	45	5	8	90	15	15	12	22	28	28	10	16	18	32	24	5	8	25	120	0	0	35	45	60	10	10	60	18	25	18	40	50	50	18	28	25	45	40	8	12	42	80	0	0	25	35	35	8	12	35	25	18	15	35	45	42	16	24	40	35	34	7	10	36
3	High01	High	37.8	0.96	0.2375	1.14	1.33	1.14	0.76	0.3325	6.27	0.95	1.045	0.5225	0.9974999999999999	1.71	1.71	0.5225	0.8075	0.95	1.425	1.045	0.2375	0.4275	1.6625	145.0	5.0	1.4	7.180000000000001	45.0	40	316.2	488.376	4.7376	97.0	15.655	180	50.0	0	0.0	0.0	0.0	550	0	0	20	25	45	5	8	90	15	15	12	22	28	28	10	16	18	32	24	5	8	25	120	0	0	35	45	60	10	10	60	18	25	18	40	50	50	18	28	25	45	40	8	12	42	80	0	0	25	35	35	8	12	35	25	18	15	35	45	42	16	24	40	35	34	7	10	36
5	High01	High	36.225	2.88	0.6174999999999999	1.1856	1.3832	1.1856	0.7903999999999999	0.3458	5.984999999999999	1.0925	1.0868	0.5433999999999999	1.0374	1.7784	1.7784	0.5433999999999999	0.8398	0.988	1.482	1.0868	0.247	0.4446	1.729	146.5	5.05	1.4	7.181818181818183	42.0	45	326.4	1249.264066909091	12.16197818181818	97.27272727272727	15.756	1000	50.4	1	1.0	0.4	0.0	550	0	0	20	25	45	5	8	90	15	15	12	22	28	28	10	16	18	32	24	5	8	25	120	0	0	35	45	60	10	10	60	18	25	18	40	50	50	18	28	25	45	40	8	12	42	80	0	0	25	35	35	8	12	35	25	18	15	35	45	42	16	24	40	35	34	7	10	36
7	High01	High	34.65	5.375999999999999	1.0925	1.254	1.463	1.254	0.836	0.36575	5.605	1.2825	1.1495	0.57475	1.09725	1.881	1.881	0.57475	0.88825	1.045	1.5675	1.1495	0.26125	0.47025	1.82875	148.0	5.1	1.4	7.183636363636364	39.0	50	336.6	2002.288267636364	19.36093090909091	96.54545454545455	15.857	3200	51.8	1	1.5	0.5	0.4	550	0	0	20	25	45	5	8	90	15	15	12	22	28	28	10	16	18	32	24	5	8	25	120	0	0	35	45	60	10	10	60	18	25	18	40	50	50	18	28	25	45	40	8	12	42	80	0	0	25	35	35	8	12	35	25	18	15	35	45	42	16	24	40	35	34	7	10	36
10	High01	High	39.98216579419929	4.437784489189714	1.578299341055957	2.847603785281129	1.876119810172408	1.663247126627457	0.6356871107602754	0.2460758128309192	6.546640616834817	1.583009997507645	0.9481852895801038	0.7308484560841538	1.16107558769632	1.80588377054532	1.677990587218551	0.4787589471015961	0.7457495923901194	0.7299190032604933	1.572606898419223	1.179329354461972	0.237646305509931	0.349829971795799	1.725486610728953	149.5	5.15	1.4	7.156363636363637	36.64285714285715	55	346.8	2452.448605090909	22.59936	92.81168831168831	15.958	7600	54.1	1	2.0	0.7	0.6	550	0	0	20	25	45	5	8	90	15	15	12	22	28	28	10	16	18	32	24	5	8	25	120	0	0	35	45	60	10	10	60	18	25	18	40	50	50	18	28	25	45	40	8	12	42	80	0	0	25	35	35	8	12	35	25	18	15	35	45	42	16	24	40	35	34	7	10	36
12	High01	High	28.78715937182349	3.328338366892286	1.736129275161553	3.132364163809242	1.350806263324134	1.197537931171769	0.4576947197473983	0.1771745852382618	4.713581244121068	1.74131099725841	0.6826934084976748	0.5262108883805907	0.8359744231413502	1.30023631479263	1.208153222797357	0.3447064419131491	0.536939706520886	0.5255416823475552	1.13227696686184	0.8491171352126199	0.1711053399671504	0.2518775796929753	1.242350359724846	151.0	5.2	1.4	7.128181818181819	34.07142857142857	60	357.0	2298.649706181818	19.62209454545455	86.65584415584416	16.059	11200	55.7	1	1.5	0.5	0.6	550	0	0	20	25	45	5	8	90	15	15	12	22	28	28	10	16	18	32	24	5	8	25	120	0	0	35	45	60	10	10	60	18	25	18	40	50	50	18	28	25	45	40	8	12	42	80	0	0	25	35	35	8	12	35	25	18	15	35	45	42	16	24	40	35	34	7	10	36
14	High01	High	19.19143958121566	2.440781469054343	1.862393222446029	3.360172466631732	0.9005375088827557	0.7983586207811794	0.3051298131649322	0.1181163901588412	3.142387496080712	1.867951797059022	0.4551289389984498	0.3508072589203938	0.5573162820942335	0.8668242098617536	0.8054354818649045	0.2298042946087661	0.3579598043472573	0.3503611215650368	0.754851311241227	0.5660780901417466	0.1140702266447669	0.1679183864619835	0.8282335731498974	152.5	5.25	1.4	7.100000000000001	31.5	65	367.2	1674.436176	12.978	79.5	16.16	14000	55.7	1	0.5	0.2	0.3	550	0	0	20	25	45	5	8	90	15	15	12	22	28	28	10	16	18	32	24	5	8	25	120	0	0	35	45	60	10	10	60	18	25	18	40	50	50	18	28	25	45	40	8	12	42	80	0	0	25	35	35	8	12	35	25	18	15	35	45	42	16	24	40	35	34	7	10	36
3	High02	High	38.52	0.9	0.225	1.104	1.288	1.104	0.7360000000000001	0.322	6.072	0.92	1.012	0.5060000000000001	0.9660000000000001	1.656	1.656	0.5060000000000001	0.782	0.92	1.38	1.012	0.23	0.414	1.61	145.0	5.0	1.4	7.180000000000001	45.0	40	319.3	543.609	5.2734	98.94	15.81	190	50.0	0	0.0	0.0	0.0	550	0	0	20	25	45	5	8	90	15	15	12	22	28	28	10	16	18	32	24	5	8	25	120	0	0	35	45	60	10	10	60	18	25	18	40	50	50	18	28	25	45	40	8	12	42	80	0	0	25	35	35	8	12	35	25	18	15	35	45	42	16	24	40	35	34	7	10	36
5	High02	High	36.915	2.7	0.5850000000000001	1.14816	1.33952	1.14816	0.76544	0.33488	5.796	1.058	1.05248	0.5262399999999999	1.00464	1.72224	1.72224	0.5262399999999999	0.81328	0.9568000000000001	1.4352	1.05248	0.2392	0.4305600000000001	1.6744	146.5	5.05	1.4	7.181818181818183	42.0	45	329.6	1390.549884	13.53744	99.0	15.912	1200	50.4	1	1.0	0.4	0.0	550	0	0	20	25	45	5	8	90	15	15	12	22	28	28	10	16	18	32	24	5	8	25	120	0	0	35	45	60	10	10	60	18	25	18	40	50	50	18	28	25	45	40	8	12	42	80	0	0	25	35	35	8	12	35	25	18	15	35	45	42	16	24	40	35	34	7	10	36
7	High02	High	35.31	5.04	1.035	1.2144	1.4168	1.2144	0.8096	0.3542	5.428000000000001	1.242	1.1132	0.5566	1.0626	1.8216	1.8216	0.5566	0.8602000000000001	1.012	1.518	1.1132	0.2530000000000001	0.4554	1.771	148.0	5.1	1.4	7.183636363636364	39.0	50	339.9	2228.737536000001	21.55056	98.46545454545455	16.014	3900	51.8	1	1.5	0.5	0.4	550	0	0	20	25	45	5	8	90	15	15	12	22	28	28	10	16	18	32	24	5	8	25	120	0	0	35	45	60	10	10	60	18	25	18	40	50	50	18	28	25	45	40	8	12	42	80	0	0	25	35	35	8	12	35	25	18	15	35	45	42	16	24	40	35	34	7	10	36
10	High02	High	41.44134042824399	3.245889609582255	1.385958281523105	2.698098777049907	1.375145297700554	0.8640995873567471	0.427714015568207	0.02187214323992624	6.660889157737524	1.200665777922366	0.5175883769227354	0.5003253779903883	0.6102615530439923	1.048676492826618	0.8903340659696862	0.1873373819475045	0.2926026968310539	0.1502355772036965	0.8553279769848423	0.596486224153789	0.1079500707608133	0.1224665979534197	1.061206915726432	149.5	5.15	1.4	7.156363636363637	36.64285714285715	55	350.2	2729.808863999999	25.15524	95.06025974025975	16.116	9000	54.1	1	2.0	0.7	0.6	550	0	0	20	25	45	5	8	90	15	15	12	22	28	28	10	16	18	32	24	5	8	25	120	0	0	35	45	60	10	10	60	18	25	18	40	50	50	18	28	25	45	40	8	12	42	80	0	0	25	35	35	8	12	35	25	18	15	35	45	42	16	24	40	35	34	7	10	36
12	High02	High	29.83776510833567	2.434417207186691	1.524554109675416	2.967908654754898	0.990104614344399	0.6221517028968578	0.307954091209109	0.05	4.795840193571017	1.320732355714602	0.3726636313843695	0.3602342721530796	0.4393883181916745	0.7550470748351649	0.6410405274981741	0.1348829150022032	0.2106739417183588	0.1081696155866615	0.6158361434290864	0.4294700813907281	0.07772405094778558	0.0881759505264622	0.7640689793230311	151.0	5.2	1.4	7.128181818181819	34.07142857142857	60	360.5	2558.616042000001	21.84126	89.05012987012988	16.218	13200	55.7	1	1.5	0.5	0.6	550	0	0	20	25	45	5	8	90	15	15	12	22	28	28	10	16	18	32	24	5	8	25	120	0	0	35	45	60	10	10	60	18	25	18	40	50	50	18	28	25	45	40	8	12	42	80	0	0	25	35	35	8	12	35	25	18	15	35	45	42	16	24	40	35	34	7	10	36
14	High02	High	19.89184340555711	1.78523928527024	1.635430772197264	3.18375655691889	0.6600697428962661	0.4147678019312386	0.2053027274727394	0.05	3.197226795714011	1.416785617948392	0.248442420922913	0.2401561814353864	0.2929255454611163	0.5033647165567766	0.4273603516654494	0.08992194333480215	0.1404492944789059	0.07211307705777432	0.4105574289527243	0.2863133875938187	0.05181603396519039	0.05878396701764146	0.5093793195486874	152.5	5.25	1.4	7.100000000000001	31.5	65	370.8	1863.806934	14.44575	82.02	16.32	16500	55.7	1	0.5	0.2	0.3	550	0	0	20	25	45	5	8	90	15	15	12	22	28	28	10	16	18	32	24	5	8	25	120	0	0	35	45	60	10	10	60	18	25	18	40	50	50	18	28	25	45	40	8	12	42	80	0	0	25	35	35	8	12	35	25	18	15	35	45	42	16	24	40	35	34	7	10	36
3	High03	High	39.24	0.84	0.2125	1.068	1.246	1.068	0.7120000000000001	0.3115	5.874	0.89	0.9790000000000001	0.4895	0.9345000000000001	1.602	1.602	0.4895	0.7565	0.89	1.335	0.9790000000000001	0.2225	0.4005	1.5575	145.0	5.0	1.4	7.180000000000001	45.0	40	322.4	590.6055	5.729299999999999	99.0	15.81	210	50.0	0	0.0	0.0	0.0	550	0	0	20	25	45	5	8	90	15	15	12	22	28	28	10	16	18	32	24	5	8	25	120	0	0	35	45	60	10	10	60	18	25	18	40	50	50	18	28	25	45	40	8	12	42	80	0	0	25	35	35	8	12	35	25	18	15	35	45	42	16	24	40	35	34	7	10	36
5	High03	High	37.605	2.52	0.5525	1.11072	1.29584	1.11072	0.74048	0.32396	5.607	1.0235	1.01816	0.50908	0.9718800000000001	1.66608	1.66608	0.50908	0.78676	0.9256000000000001	1.3884	1.01816	0.2314	0.4165200000000001	1.6198	146.5	5.05	1.4	7.181818181818183	42.0	45	332.8	1510.766763454545	14.70778909090909	99.0	15.912	1450	50.4	1	1.0	0.4	0.0	550	0	0	20	25	45	5	8	90	15	15	12	22	28	28	10	16	18	32	24	5	8	25	120	0	0	35	45	60	10	10	60	18	25	18	40	50	50	18	28	25	45	40	8	12	42	80	0	0	25	35	35	8	12	35	25	18	15	35	45	42	16	24	40	35	34	7	10	36
7	High03	High	35.97000000000001	4.704	0.9774999999999999	1.1748	1.3706	1.1748	0.7832	0.34265	5.251	1.2015	1.0769	0.53845	1.02795	1.7622	1.7622	0.53845	0.8321500000000001	0.9790000000000001	1.4685	1.0769	0.24475	0.44055	1.71325	148.0	5.1	1.4	7.183636363636364	39.0	50	343.2	2421.418053818182	23.41366545454545	99.0	16.014	4800	51.8	1	1.5	0.5	0.4	550	0	0	20	25	45	5	8	90	15	15	12	22	28	28	10	16	18	32	24	5	8	25	120	0	0	35	45	60	10	10	60	18	25	18	40	50	50	18	28	25	45	40	8	12	42	80	0	0	25	35	35	8	12	35	25	18	15	35	45	42	16	24	40	35	34	7	10	36
10	High03	High	43.62507798636869	1.929381640845572	1.222013048326668	2.522838050302807	0.8468896710831789	0.02	0.2088284747179295	0.02	6.944808627906569	0.7847628544849602	0.0633478320059144	0.2570711132953787	0.02852892236007354	0.2496381734181141	0.05902776208798469	0.02	0.02	0.02	0.09803675480369642	0.02	0.02	0.02	0.360552401863216	149.5	5.15	1.4	7.156363636363637	36.64285714285715	55	353.6	2965.808382545455	27.32998	96.39883116883117	16.116	10600	54.1	1	2.0	0.7	0.6	550	0	0	20	25	45	5	8	90	15	15	12	22	28	28	10	16	18	32	24	5	8	25	120	0	0	35	45	60	10	10	60	18	25	18	40	50	50	18	28	25	45	40	8	12	42	80	0	0	25	35	35	8	12	35	25	18	15	35	45	42	16	24	40	35	34	7	10	36
12	High03	High	31.41005615018545	1.447036230634179	1.344214353159335	2.775121855333087	0.6097605631798888	0.05	0.1503565017969093	0.05	5.00026221209273	0.8632391399334562	0.05	0.1850912015726727	0.05	0.1797394848610422	0.05	0.05	0.05	0.05	0.07058646345866142	0.05	0.05	0.05	0.2595977293415155	151.0	5.2	1.4	7.128181818181819	34.07142857142857	60	364.0	2779.815468090909	23.72949727272728	90.60441558441559	16.218	15300	55.7	1	1.5	0.5	0.6	550	0	0	20	25	45	5	8	90	15	15	12	22	28	28	10	16	18	32	24	5	8	25	120	0	0	35	45	60	10	10	60	18	25	18	40	50	50	18	28	25	45	40	8	12	42	80	0	0	25	35	35	8	12	35	25	18	15	35	45	42	16	24	40	35	34	7	10	36
14	High03	High	20.94003743345697	1.061159902465064	1.441975397025468	2.976948899357311	0.4065070421199259	0.05	0.1002376678646062	0.05	3.333508141395153	0.926020168292253	0.05	0.1233941343817818	0.05	0.1198263232406948	0.05	0.05	0.05	0.05	0.05	0.05	0.05	0.05	0.1730651528943437	152.5	5.25	1.4	7.100000000000001	31.5	65	374.4	2024.938193	15.694625	83.78	16.32	19000	55.7	1	0.5	0.2	0.3	550	0	0	20	25	45	5	8	90	15	15	12	22	28	28	10	16	18	32	24	5	8	25	120	0	0	35	45	60	10	10	60	18	25	18	40	50	50	18	28	25	45	40	8	12	42	80	0	0	25	35	35	8	12	35	25	18	15	35	45	42	16	24	40	35	34	7	10	36
