clone,column,metabolite_name,exchange_id,rate,strict_lb,strict_ub,active_lb,active_ub,policy,note
High01,Gluc,Glucose,EX_glc_e,-1.3499999999999999,-1.6199999999999999,0.0,-1.6199999999999999,0.0,production_relaxed,directional_measured
High01,Lac,Lactate,EX_lac_L_e,-0.060000000000000026,-0.07200000000000002,0.0,-0.07200000000000002,0.0,production_relaxed,directional_measured
High01,NH4+,Ammonia,EX_nh4_e,0.04499999999999999,0.0,0.053999999999999986,0.0,0.053999999999999986,production_relaxed,directional_measured
High01,Ala,Alanine,EX_ala_L_e,0.01499999999999998,0.0,0.017999999999999974,-0.02,0.017999999999999974,production_relaxed,relaxed_positive_nutrient
High01,Arg,Arginine,EX_arg_L_e,-0.12,-0.144,0.0,-0.144,0.0,production_relaxed,directional_measured
High01,Asn,Asparagine,EX_asn_L_e,-0.2,-0.24,0.0,-0.24,0.0,production_relaxed,directional_measured
High01,Asp,Aspartate,EX_asp_L_e,-0.048,-0.0576,0.0,-0.0576,0.0,production_relaxed,directional_measured
High01,Cys,Cysteine,EX_cys_L_e,-0.055999999999999994,-0.0672,0.0,-0.0672,0.0,production_relaxed,directional_measured
High01,Gln,Glutamine,EX_gln_L_e,-0.27999999999999997,-0.33599999999999997,0.0,-0.33599999999999997,0.0,production_relaxed,directional_measured
High01,Glu,Glutamate,EX_glu_L_e,-0.06000000000000005,-0.07200000000000006,0.0,-0.07200000000000006,0.0,production_relaxed,directional_measured
High01,Gly,Glycine,EX_gly_e,-0.104,-0.1248,0.0,-0.1248,0.0,production_relaxed,directional_measured
High01,His,Histidine,EX_his_L_e,-0.056,-0.0672,0.0,-0.0672,0.0,production_relaxed,directional_measured
High01,Ile,Isoleucine,EX_ile_L_e,-0.13599999999999998,-0.16319999999999998,0.0,-0.16319999999999998,0.0,production_relaxed,directional_measured
High01,Leu,Leucine,EX_leu_L_e,-0.184,-0.2208,0.0,-0.2208,0.0,production_relaxed,directional_measured
High01,Lys,Lysine,EX_lys_L_e,-0.19200000000000003,-0.23040000000000002,0.0,-0.23040000000000002,0.0,production_relaxed,directional_measured
High01,Met,Methionine,EX_met_L_e,-0.07200000000000001,-0.0864,0.0,-0.0864,0.0,production_relaxed,directional_measured
High01,Phe,Phenylalanine,EX_phe_L_e,-0.11199999999999999,-0.1344,0.0,-0.1344,0.0,production_relaxed,directional_measured
High01,Pro,Proline,EX_pro_L_e,-0.14400000000000002,-0.1728,0.0,-0.1728,0.0,production_relaxed,directional_measured
High01,Ser,Serine,EX_ser_L_e,-0.17600000000000002,-0.21120000000000003,0.0,-0.21120000000000003,0.0,production_relaxed,directional_measured
High01,Thr,Threonine,EX_thr_L_e,-0.14400000000000002,-0.1728,0.0,-0.1728,0.0,production_relaxed,directional_measured
High01,Trp,Tryptophan,EX_trp_L_e,-0.03200000000000001,-0.03840000000000001,0.0,-0.03840000000000001,0.0,production_relaxed,directional_measured
High01,Tyr,Tyrosine,EX_tyr_L_e,-0.055999999999999994,-0.0672,0.0,-0.0672,0.0,production_relaxed,directional_measured
High01,Val,Valine,EX_val_L_e,-0.16,-0.192,0.0,-0.192,0.0,production_relaxed,directional_measured
High02,Gluc,Glucose,EX_glc_e,-1.15,-1.38,0.0,-1.38,0.0,production_relaxed,directional_measured
High02,Lac,Lactate,EX_lac_L_e,-0.12000000000000001,-0.14400000000000002,0.0,-0.14400000000000002,0.0,production_relaxed,directional_measured
High02,NH4+,Ammonia,EX_nh4_e,0.030000000000000002,0.0,0.036000000000000004,0.0,0.036000000000000004,production_relaxed,directional_measured
High02,Ala,Alanine,EX_ala_L_e,0.004999999999999975,0.0,0.00599999999999997,-0.02,0.00599999999999997,production_relaxed,relaxed_positive_nutrient
High02,Arg,Arginine,EX_arg_L_e,-0.14250000000000004,-0.17100000000000004,0.0,-0.17100000000000004,0.0,production_relaxed,directional_measured
High02,Asn,Asparagine,EX_asn_L_e,-0.23749999999999996,-0.2849999999999999,0.0,-0.2849999999999999,0.0,production_relaxed,directional_measured
High02,Asp,Aspartate,EX_asp_L_e,-0.057,-0.0684,0.0,-0.0684,0.0,production_relaxed,directional_measured
High02,Cys,Cysteine,EX_cys_L_e,-0.06649999999999999,-0.07979999999999998,0.0,-0.07979999999999998,0.0,production_relaxed,directional_measured
High02,Gln,Glutamine,EX_gln_L_e,-0.22999999999999993,-0.2759999999999999,0.0,-0.2759999999999999,0.0,production_relaxed,directional_measured
High02,Glu,Glutamate,EX_glu_L_e,-0.07999999999999999,-0.09599999999999999,0.0,-0.09599999999999999,0.0,production_relaxed,directional_measured
High02,Gly,Glycine,EX_gly_e,-0.12350000000000001,-0.1482,0.0,-0.1482,0.0,production_relaxed,directional_measured
High02,His,Histidine,EX_his_L_e,-0.06649999999999999,-0.07979999999999998,0.0,-0.07979999999999998,0.0,production_relaxed,directional_measured
High02,Ile,Isoleucine,EX_ile_L_e,-0.1615,-0.1938,0.0,-0.1938,0.0,production_relaxed,directional_measured
High02,Leu,Leucine,EX_leu_L_e,-0.21849999999999994,-0.26219999999999993,0.0,-0.26219999999999993,0.0,production_relaxed,directional_measured
High02,Lys,Lysine,EX_lys_L_e,-0.22799999999999995,-0.27359999999999995,0.0,-0.27359999999999995,0.0,production_relaxed,directional_measured
High02,Met,Methionine,EX_met_L_e,-0.0855,-0.10260000000000001,0.0,-0.10260000000000001,0.0,production_relaxed,directional_measured
High02,Phe,Phenylalanine,EX_phe_L_e,-0.13299999999999998,-0.15959999999999996,0.0,-0.15959999999999996,0.0,production_relaxed,directional_measured
High02,Pro,Proline,EX_pro_L_e,-0.171,-0.20520000000000002,0.0,-0.20520000000000002,0.0,production_relaxed,directional_measured
High02,Ser,Serine,EX_ser_L_e,-0.20900000000000002,-0.2508,0.0,-0.2508,0.0,production_relaxed,directional_measured
High02,Thr,Threonine,EX_thr_L_e,-0.171,-0.20520000000000002,0.0,-0.20520000000000002,0.0,production_relaxed,directional_measured
High02,Trp,Tryptophan,EX_trp_L_e,-0.038000000000000006,-0.04560000000000001,0.0,-0.04560000000000001,0.0,production_relaxed,directional_measured
High02,Tyr,Tyrosine,EX_tyr_L_e,-0.06649999999999999,-0.07979999999999998,0.0,-0.07979999999999998,0.0,production_relaxed,directional_measured
High02,Val,Valine,EX_val_L_e,-0.19,-0.22799999999999998,0.0,-0.22799999999999998,0.0,production_relaxed,directional_measured
High03,Gluc,Glucose,EX_glc_e,-0.9500000000000001,-1.1400000000000001,0.0,-1.1400000000000001,0.0,production_relaxed,directional_measured
High03,Lac,Lactate,EX_lac_L_e,-0.18,-0.216,0.0,-0.216,0.0,production_relaxed,directional_measured
High03,NH4+,Ammonia,EX_nh4_e,0.020000000000000025,0.0,0.024000000000000028,0.0,0.024000000000000028,production_relaxed,directional_measured
High03,Ala,Alanine,EX_ala_L_e,-0.004999999999999939,-0.005999999999999927,0.0,-0.005999999999999927,0.0,production_relaxed,directional_measured
High03,Arg,Arginine,EX_arg_L_e,-0.16500000000000006,-0.19800000000000006,0.0,-0.19800000000000006,0.0,production_relaxed,directional_measured
High03,Asn,Asparagine,EX_asn_L_e,-0.2749638917147116,-0.3299566700576539,0.0,-0.3299566700576539,0.0,production_relaxed,directional_measured
High03,Asp,Aspartate,EX_asp_L_e,-0.06600000000000002,-0.07920000000000002,0.0,-0.07920000000000002,0.0,production_relaxed,directional_measured
High03,Cys,Cysteine,EX_cys_L_e,-0.06056609042047958,-0.07267930850457549,0.0,-0.07267930850457549,0.0,production_relaxed,directional_measured
High03,Gln,Glutamine,EX_gln_L_e,-0.1800000000000002,-0.21600000000000022,0.0,-0.21600000000000022,0.0,production_relaxed,directional_measured
High03,Glu,Glutamate,EX_glu_L_e,-0.10000000000000003,-0.12000000000000004,0.0,-0.12000000000000004,0.0,production_relaxed,directional_measured
High03,Gly,Glycine,EX_gly_e,-0.14300000000000004,-0.17160000000000006,0.0,-0.17160000000000006,0.0,production_relaxed,directional_measured
High03,His,Histidine,EX_his_L_e,-0.07700000000000003,-0.09240000000000002,0.0,-0.09240000000000002,0.0,production_relaxed,directional_measured
High03,Ile,Isoleucine,EX_ile_L_e,-0.18700000000000006,-0.22440000000000007,0.0,-0.22440000000000007,0.0,production_relaxed,directional_measured
High03,Leu,Leucine,EX_leu_L_e,-0.25300000000000006,-0.30360000000000004,0.0,-0.30360000000000004,0.0,production_relaxed,directional_measured
High03,Lys,Lysine,EX_lys_L_e,-0.26400000000000007,-0.3168000000000001,0.0,-0.3168000000000001,0.0,production_relaxed,directional_measured
High03,Met,Methionine,EX_met_L_e,-0.08918053762788133,-0.1070166451534576,0.0,-0.1070166451534576,0.0,production_relaxed,directional_measured
High03,Phe,Phenylalanine,EX_phe_L_e,-0.13959748871536407,-0.16751698645843688,0.0,-0.16751698645843688,0.0,production_relaxed,directional_measured
High03,Pro,Proline,EX_pro_L_e,-0.16428904837797578,-0.19714685805357093,0.0,-0.19714685805357093,0.0,production_relaxed,directional_measured
High03,Ser,Serine,EX_ser_L_e,-0.24200000000000008,-0.2904000000000001,0.0,-0.2904000000000001,0.0,production_relaxed,directional_measured
High03,Thr,Threonine,EX_thr_L_e,-0.1952668091481083,-0.23432017097772995,0.0,-0.23432017097772995,0.0,production_relaxed,directional_measured
High03,Trp,Tryptophan,EX_trp_L_e,-0.040572792124352414,-0.048687350549222894,0.0,-0.048687350549222894,0.0,production_relaxed,directional_measured
High03,Tyr,Tyrosine,EX_tyr_L_e,-0.06737803374780034,-0.08085364049736041,0.0,-0.08085364049736041,0.0,production_relaxed,directional_measured
High03,Val,Valine,EX_val_L_e,-0.22000000000000006,-0.26400000000000007,0.0,-0.26400000000000007,0.0,production_relaxed,directional_measured
Low01,Gluc,Glucose,EX_glc_e,-3.7500000000000004,-4.5,0.0,-4.5,0.0,production_relaxed,directional_measured
Low01,Lac,Lactate,EX_lac_L_e,0.6199999999999997,0.0,0.7439999999999996,0.0,0.7439999999999996,production_relaxed,directional_measured
Low01,NH4+,Ammonia,EX_nh4_e,0.34000000000000025,0.0,0.4080000000000003,0.0,0.4080000000000003,production_relaxed,directional_measured
Low01,Ala,Alanine,EX_ala_L_e,0.2599999999999999,0.0,0.3119999999999999,-0.3119999999999999,0.3119999999999999,production_relaxed,relaxed_positive_nutrient
Low01,Arg,Arginine,EX_arg_L_e,-0.041249999999999946,-0.04949999999999993,0.0,-0.04949999999999993,0.0,production_relaxed,directional_measured
Low01,Asn,Asparagine,EX_asn_L_e,-0.06874999999999996,-0.08249999999999995,0.0,-0.08249999999999995,0.0,production_relaxed,directional_measured
Low01,Asp,Aspartate,EX_asp_L_e,-0.016500000000000035,-0.019800000000000043,0.0,-0.019800000000000043,0.0,production_relaxed,directional_measured
Low01,Cys,Cysteine,EX_cys_L_e,-0.019249999999999993,-0.023099999999999992,0.0,-0.023099999999999992,0.0,production_relaxed,directional_measured
Low01,Gln,Glutamine,EX_gln_L_e,-0.62,-0.744,0.0,-0.744,0.0,production_relaxed,directional_measured
Low01,Glu,Glutamate,EX_glu_L_e,0.09000000000000001,0.0,0.10800000000000001,-0.10800000000000001,0.10800000000000001,production_relaxed,relaxed_positive_nutrient
Low01,Gly,Glycine,EX_gly_e,-0.03575000000000008,-0.0429000000000001,0.0,-0.0429000000000001,0.0,production_relaxed,directional_measured
Low01,His,Histidine,EX_his_L_e,-0.019249999999999923,-0.02309999999999991,0.0,-0.02309999999999991,0.0,production_relaxed,directional_measured
Low01,Ile,Isoleucine,EX_ile_L_e,-0.046749999999999986,-0.05609999999999998,0.0,-0.05609999999999998,0.0,production_relaxed,directional_measured
Low01,Leu,Leucine,EX_leu_L_e,-0.06324999999999996,-0.07589999999999995,0.0,-0.07589999999999995,0.0,production_relaxed,directional_measured
Low01,Lys,Lysine,EX_lys_L_e,-0.06600000000000002,-0.07920000000000002,0.0,-0.07920000000000002,0.0,production_relaxed,directional_measured
Low01,Met,Methionine,EX_met_L_e,-0.024749999999999994,-0.02969999999999999,0.0,-0.02969999999999999,0.0,production_relaxed,directional_measured
Low01,Phe,Phenylalanine,EX_phe_L_e,-0.0385,-0.0462,0.0,-0.0462,0.0,production_relaxed,directional_measured
Low01,Pro,Proline,EX_pro_L_e,-0.049499999999999975,-0.05939999999999997,0.0,-0.05939999999999997,0.0,production_relaxed,directional_measured
Low01,Ser,Serine,EX_ser_L_e,-0.06050000000000005,-0.07260000000000005,0.0,-0.07260000000000005,0.0,production_relaxed,directional_measured
Low01,Thr,Threonine,EX_thr_L_e,-0.04950000000000002,-0.05940000000000002,0.0,-0.05940000000000002,0.0,production_relaxed,directional_measured
Low01,Trp,Tryptophan,EX_trp_L_e,-0.011000000000000006,-0.013200000000000007,0.0,-0.013200000000000007,0.0,production_relaxed,directional_measured
Low01,Tyr,Tyrosine,EX_tyr_L_e,-0.01925000000000001,-0.023100000000000013,0.0,-0.023100000000000013,0.0,production_relaxed,directional_measured
Low01,Val,Valine,EX_val_L_e,-0.05499999999999994,-0.06599999999999992,0.0,-0.06599999999999992,0.0,production_relaxed,directional_measured
Low02,Gluc,Glucose,EX_glc_e,-3.4499999999999993,-4.139999999999999,0.0,-4.139999999999999,0.0,production_relaxed,directional_measured
Low02,Lac,Lactate,EX_lac_L_e,0.5000000000000001,0.0,0.6000000000000001,0.0,0.6000000000000001,production_relaxed,directional_measured
Low02,NH4+,Ammonia,EX_nh4_e,0.27999999999999997,0.0,0.33599999999999997,0.0,0.33599999999999997,production_relaxed,directional_measured
Low02,Ala,Alanine,EX_ala_L_e,0.21999999999999997,0.0,0.26399999999999996,-0.26399999999999996,0.26399999999999996,production_relaxed,relaxed_positive_nutrient
Low02,Arg,Arginine,EX_arg_L_e,-0.052499999999999956,-0.06299999999999994,0.0,-0.06299999999999994,0.0,production_relaxed,directional_measured
Low02,Asn,Asparagine,EX_asn_L_e,-0.08750000000000008,-0.1050000000000001,0.0,-0.1050000000000001,0.0,production_relaxed,directional_measured
Low02,Asp,Aspartate,EX_asp_L_e,-0.020999999999999935,-0.02519999999999992,0.0,-0.02519999999999992,0.0,production_relaxed,directional_measured
Low02,Cys,Cysteine,EX_cys_L_e,-0.024499999999999994,-0.029399999999999992,0.0,-0.029399999999999992,0.0,production_relaxed,directional_measured
Low02,Gln,Glutamine,EX_gln_L_e,-0.5699999999999998,-0.6839999999999998,0.0,-0.6839999999999998,0.0,production_relaxed,directional_measured
Low02,Glu,Glutamate,EX_glu_L_e,0.07000000000000005,0.0,0.08400000000000006,-0.08400000000000006,0.08400000000000006,production_relaxed,relaxed_positive_nutrient
Low02,Gly,Glycine,EX_gly_e,-0.045500000000000033,-0.05460000000000004,0.0,-0.05460000000000004,0.0,production_relaxed,directional_measured
Low02,His,Histidine,EX_his_L_e,-0.024500000000000008,-0.02940000000000001,0.0,-0.02940000000000001,0.0,production_relaxed,directional_measured
Low02,Ile,Isoleucine,EX_ile_L_e,-0.059500000000000004,-0.0714,0.0,-0.0714,0.0,production_relaxed,directional_measured
Low02,Leu,Leucine,EX_leu_L_e,-0.08049999999999992,-0.0965999999999999,0.0,-0.0965999999999999,0.0,production_relaxed,directional_measured
Low02,Lys,Lysine,EX_lys_L_e,-0.084,-0.1008,0.0,-0.1008,0.0,production_relaxed,directional_measured
Low02,Met,Methionine,EX_met_L_e,-0.0315,-0.0378,0.0,-0.0378,0.0,production_relaxed,directional_measured
Low02,Phe,Phenylalanine,EX_phe_L_e,-0.04899999999999996,-0.05879999999999995,0.0,-0.05879999999999995,0.0,production_relaxed,directional_measured
Low02,Pro,Proline,EX_pro_L_e,-0.06300000000000004,-0.07560000000000004,0.0,-0.07560000000000004,0.0,production_relaxed,directional_measured
Low02,Ser,Serine,EX_ser_L_e,-0.07699999999999997,-0.09239999999999997,0.0,-0.09239999999999997,0.0,production_relaxed,directional_measured
Low02,Thr,Threonine,EX_thr_L_e,-0.06300000000000003,-0.07560000000000003,0.0,-0.07560000000000003,0.0,production_relaxed,directional_measured
Low02,Trp,Tryptophan,EX_trp_L_e,-0.014,-0.0168,0.0,-0.0168,0.0,production_relaxed,directional_measured
Low02,Tyr,Tyrosine,EX_tyr_L_e,-0.024499999999999987,-0.02939999999999998,0.0,-0.02939999999999998,0.0,production_relaxed,directional_measured
Low02,Val,Valine,EX_val_L_e,-0.06999999999999991,-0.0839999999999999,0.0,-0.0839999999999999,0.0,production_relaxed,directional_measured
Low03,Gluc,Glucose,EX_glc_e,-3.1499999999999995,-3.7799999999999994,0.0,-3.7799999999999994,0.0,production_relaxed,directional_measured
Low03,Lac,Lactate,EX_lac_L_e,0.37999999999999967,0.0,0.4559999999999996,0.0,0.4559999999999996,production_relaxed,directional_measured
Low03,NH4+,Ammonia,EX_nh4_e,0.23000000000000007,0.0,0.2760000000000001,0.0,0.2760000000000001,production_relaxed,directional_measured
Low03,Ala,Alanine,EX_ala_L_e,0.17999999999999997,0.0,0.21599999999999994,-0.21599999999999994,0.21599999999999994,production_relaxed,relaxed_positive_nutrient
Low03,Arg,Arginine,EX_arg_L_e,-0.06374999999999996,-0.07649999999999994,0.0,-0.07649999999999994,0.0,production_relaxed,directional_measured
Low03,Asn,Asparagine,EX_asn_L_e,-0.10625000000000001,-0.1275,0.0,-0.1275,0.0,production_relaxed,directional_measured
Low03,Asp,Aspartate,EX_asp_L_e,-0.025500000000000016,-0.030600000000000016,0.0,-0.030600000000000016,0.0,production_relaxed,directional_measured
Low03,Cys,Cysteine,EX_cys_L_e,-0.029750000000000006,-0.0357,0.0,-0.0357,0.0,production_relaxed,directional_measured
Low03,Gln,Glutamine,EX_gln_L_e,-0.52,-0.624,0.0,-0.624,0.0,production_relaxed,directional_measured
Low03,Glu,Glutamate,EX_glu_L_e,0.049999999999999996,0.0,0.05999999999999999,-0.05999999999999999,0.05999999999999999,production_relaxed,relaxed_positive_nutrient
Low03,Gly,Glycine,EX_gly_e,-0.055250000000000014,-0.06630000000000001,0.0,-0.06630000000000001,0.0,production_relaxed,directional_measured
Low03,His,Histidine,EX_his_L_e,-0.029750000000000047,-0.03570000000000006,0.0,-0.03570000000000006,0.0,production_relaxed,directional_measured
Low03,Ile,Isoleucine,EX_ile_L_e,-0.07224999999999997,-0.08669999999999996,0.0,-0.08669999999999996,0.0,production_relaxed,directional_measured
Low03,Leu,Leucine,EX_leu_L_e,-0.09775000000000002,-0.11730000000000002,0.0,-0.11730000000000002,0.0,production_relaxed,directional_measured
Low03,Lys,Lysine,EX_lys_L_e,-0.10199999999999992,-0.1223999999999999,0.0,-0.1223999999999999,0.0,production_relaxed,directional_measured
Low03,Met,Methionine,EX_met_L_e,-0.038250000000000006,-0.0459,0.0,-0.0459,0.0,production_relaxed,directional_measured
Low03,Phe,Phenylalanine,EX_phe_L_e,-0.05950000000000002,-0.07140000000000002,0.0,-0.07140000000000002,0.0,production_relaxed,directional_measured
Low03,Pro,Proline,EX_pro_L_e,-0.07650000000000005,-0.09180000000000006,0.0,-0.09180000000000006,0.0,production_relaxed,directional_measured
Low03,Ser,Serine,EX_ser_L_e,-0.09349999999999997,-0.11219999999999997,0.0,-0.11219999999999997,0.0,production_relaxed,directional_measured
Low03,Thr,Threonine,EX_thr_L_e,-0.07650000000000004,-0.09180000000000005,0.0,-0.09180000000000005,0.0,production_relaxed,directional_measured
Low03,Trp,Tryptophan,EX_trp_L_e,-0.017000000000000005,-0.020400000000000005,0.0,-0.020400000000000005,0.0,production_relaxed,directional_measured
Low03,Tyr,Tyrosine,EX_tyr_L_e,-0.02975,-0.035699999999999996,0.0,-0.035699999999999996,0.0,production_relaxed,directional_measured
Low03,Val,Valine,EX_val_L_e,-0.08500000000000006,-0.10200000000000008,0.0,-0.10200000000000008,0.0,production_relaxed,directional_measured
Mother01,Gluc,Glucose,EX_glc_e,-2.1,-2.52,0.0,-2.52,0.0,production_relaxed,directional_measured
Mother01,Lac,Lactate,EX_lac_L_e,0.12000000000000002,0.0,0.14400000000000002,0.0,0.14400000000000002,production_relaxed,directional_measured
Mother01,NH4+,Ammonia,EX_nh4_e,0.10499999999999998,0.0,0.12599999999999997,0.0,0.12599999999999997,production_relaxed,directional_measured
Mother01,Ala,Alanine,EX_ala_L_e,0.07500000000000005,0.0,0.09000000000000007,-0.09000000000000007,0.09000000000000007,production_relaxed,relaxed_positive_nutrient
Mother01,Arg,Arginine,EX_arg_L_e,-0.07874999999999995,-0.09449999999999993,0.0,-0.09449999999999993,0.0,production_relaxed,directional_measured
Mother01,Asn,Asparagine,EX_asn_L_e,-0.13125,-0.1575,0.0,-0.1575,0.0,production_relaxed,directional_measured
Mother01,Asp,Aspartate,EX_asp_L_e,-0.0315,-0.0378,0.0,-0.0378,0.0,production_relaxed,directional_measured
Mother01,Cys,Cysteine,EX_cys_L_e,-0.036750000000000005,-0.04410000000000001,0.0,-0.04410000000000001,0.0,production_relaxed,directional_measured
Mother01,Gln,Glutamine,EX_gln_L_e,-0.41999999999999993,-0.5039999999999999,0.0,-0.5039999999999999,0.0,production_relaxed,directional_measured
Mother01,Glu,Glutamate,EX_glu_L_e,0.009999999999999964,0.0,0.011999999999999957,-0.02,0.011999999999999957,production_relaxed,relaxed_positive_nutrient
Mother01,Gly,Glycine,EX_gly_e,-0.06825000000000002,-0.08190000000000001,0.0,-0.08190000000000001,0.0,production_relaxed,directional_measured
Mother01,His,Histidine,EX_his_L_e,-0.03675,-0.04409999999999999,0.0,-0.04409999999999999,0.0,production_relaxed,directional_measured
Mother01,Ile,Isoleucine,EX_ile_L_e,-0.08924999999999997,-0.10709999999999996,0.0,-0.10709999999999996,0.0,production_relaxed,directional_measured
Mother01,Leu,Leucine,EX_leu_L_e,-0.12075000000000004,-0.14490000000000003,0.0,-0.14490000000000003,0.0,production_relaxed,directional_measured
Mother01,Lys,Lysine,EX_lys_L_e,-0.12600000000000006,-0.15120000000000006,0.0,-0.15120000000000006,0.0,production_relaxed,directional_measured
Mother01,Met,Methionine,EX_met_L_e,-0.04725,-0.0567,0.0,-0.0567,0.0,production_relaxed,directional_measured
Mother01,Phe,Phenylalanine,EX_phe_L_e,-0.0735,-0.08819999999999999,0.0,-0.08819999999999999,0.0,production_relaxed,directional_measured
Mother01,Pro,Proline,EX_pro_L_e,-0.09450000000000003,-0.11340000000000003,0.0,-0.11340000000000003,0.0,production_relaxed,directional_measured
Mother01,Ser,Serine,EX_ser_L_e,-0.1155,-0.1386,0.0,-0.1386,0.0,production_relaxed,directional_measured
Mother01,Thr,Threonine,EX_thr_L_e,-0.0945,-0.1134,0.0,-0.1134,0.0,production_relaxed,directional_measured
Mother01,Trp,Tryptophan,EX_trp_L_e,-0.020999999999999994,-0.025199999999999993,0.0,-0.025199999999999993,0.0,production_relaxed,directional_measured
Mother01,Tyr,Tyrosine,EX_tyr_L_e,-0.03675,-0.04409999999999999,0.0,-0.04409999999999999,0.0,production_relaxed,directional_measured
Mother01,Val,Valine,EX_val_L_e,-0.10500000000000004,-0.12600000000000003,0.0,-0.12600000000000003,0.0,production_relaxed,directional_measured
Mother02,Gluc,Glucose,EX_glc_e,-1.8999999999999995,-2.2799999999999994,0.0,-2.2799999999999994,0.0,production_relaxed,directional_measured
Mother02,Lac,Lactate,EX_lac_L_e,0.08999999999999994,0.0,0.10799999999999993,0.0,0.10799999999999993,production_relaxed,directional_measured
Mother02,NH4+,Ammonia,EX_nh4_e,0.08,0.0,0.096,0.0,0.096,production_relaxed,directional_measured
Mother02,Ala,Alanine,EX_ala_L_e,0.05499999999999996,0.0,0.06599999999999995,-0.06599999999999995,0.06599999999999995,production_relaxed,relaxed_positive_nutrient
Mother02,Arg,Arginine,EX_arg_L_e,-0.09374999999999997,-0.11249999999999996,0.0,-0.11249999999999996,0.0,production_relaxed,directional_measured
Mother02,Asn,Asparagine,EX_asn_L_e,-0.15624999999999994,-0.18749999999999992,0.0,-0.18749999999999992,0.0,production_relaxed,directional_measured
Mother02,Asp,Aspartate,EX_asp_L_e,-0.037499999999999985,-0.04499999999999998,0.0,-0.04499999999999998,0.0,production_relaxed,directional_measured
Mother02,Cys,Cysteine,EX_cys_L_e,-0.04375,-0.0525,0.0,-0.0525,0.0,production_relaxed,directional_measured
Mother02,Gln,Glutamine,EX_gln_L_e,-0.36999999999999994,-0.4439999999999999,0.0,-0.4439999999999999,0.0,production_relaxed,directional_measured
Mother02,Gly,Glycine,EX_gly_e,-0.08125,-0.0975,0.0,-0.0975,0.0,production_relaxed,directional_measured
Mother02,His,Histidine,EX_his_L_e,-0.04374999999999999,-0.052499999999999984,0.0,-0.052499999999999984,0.0,production_relaxed,directional_measured
Mother02,Ile,Isoleucine,EX_ile_L_e,-0.10625000000000007,-0.12750000000000009,0.0,-0.12750000000000009,0.0,production_relaxed,directional_measured
Mother02,Leu,Leucine,EX_leu_L_e,-0.14375,-0.1725,0.0,-0.1725,0.0,production_relaxed,directional_measured
Mother02,Lys,Lysine,EX_lys_L_e,-0.14999999999999997,-0.17999999999999997,0.0,-0.17999999999999997,0.0,production_relaxed,directional_measured
Mother02,Met,Methionine,EX_met_L_e,-0.056249999999999994,-0.06749999999999999,0.0,-0.06749999999999999,0.0,production_relaxed,directional_measured
Mother02,Phe,Phenylalanine,EX_phe_L_e,-0.08750000000000002,-0.10500000000000002,0.0,-0.10500000000000002,0.0,production_relaxed,directional_measured
Mother02,Pro,Proline,EX_pro_L_e,-0.11249999999999999,-0.13499999999999998,0.0,-0.13499999999999998,0.0,production_relaxed,directional_measured
Mother02,Ser,Serine,EX_ser_L_e,-0.13749999999999998,-0.16499999999999998,0.0,-0.16499999999999998,0.0,production_relaxed,directional_measured
Mother02,Thr,Threonine,EX_thr_L_e,-0.11249999999999999,-0.13499999999999998,0.0,-0.13499999999999998,0.0,production_relaxed,directional_measured
Mother02,Trp,Tryptophan,EX_trp_L_e,-0.024999999999999998,-0.029999999999999995,0.0,-0.029999999999999995,0.0,production_relaxed,directional_measured
Mother02,Tyr,Tyrosine,EX_tyr_L_e,-0.04374999999999999,-0.052499999999999984,0.0,-0.052499999999999984,0.0,production_relaxed,directional_measured
Mother02,Val,Valine,EX_val_L_e,-0.12499999999999996,-0.14999999999999994,0.0,-0.14999999999999994,0.0,production_relaxed,directional_measured
Mother03,Gluc,Glucose,EX_glc_e,-1.7000000000000002,-2.04,0.0,-2.04,0.0,production_relaxed,directional_measured
Mother03,Lac,Lactate,EX_lac_L_e,0.05999999999999998,0.0,0.07199999999999997,0.0,0.07199999999999997,production_relaxed,directional_measured
Mother03,NH4+,Ammonia,EX_nh4_e,0.059999999999999956,0.0,0.07199999999999994,0.0,0.07199999999999994,production_relaxed,directional_measured
Mother03,Ala,Alanine,EX_ala_L_e,0.035000000000000045,0.0,0.04200000000000005,-0.04200000000000005,0.04200000000000005,production_relaxed,relaxed_positive_nutrient
Mother03,Arg,Arginine,EX_arg_L_e,-0.10875,-0.1305,0.0,-0.1305,0.0,production_relaxed,directional_measured
Mother03,Asn,Asparagine,EX_asn_L_e,-0.18124999999999997,-0.21749999999999994,0.0,-0.21749999999999994,0.0,production_relaxed,directional_measured
Mother03,Asp,Aspartate,EX_asp_L_e,-0.0435,-0.052199999999999996,0.0,-0.052199999999999996,0.0,production_relaxed,directional_measured
Mother03,Cys,Cysteine,EX_cys_L_e,-0.05074999999999999,-0.06089999999999998,0.0,-0.06089999999999998,0.0,production_relaxed,directional_measured
Mother03,Gln,Glutamine,EX_gln_L_e,-0.31999999999999995,-0.38399999999999995,0.0,-0.38399999999999995,0.0,production_relaxed,directional_measured
Mother03,Glu,Glutamate,EX_glu_L_e,-0.015000000000000025,-0.01800000000000003,0.0,-0.01800000000000003,0.0,production_relaxed,directional_measured
Mother03,Gly,Glycine,EX_gly_e,-0.09425,-0.11309999999999999,0.0,-0.11309999999999999,0.0,production_relaxed,directional_measured
Mother03,His,Histidine,EX_his_L_e,-0.05074999999999999,-0.06089999999999998,0.0,-0.06089999999999998,0.0,production_relaxed,directional_measured
Mother03,Ile,Isoleucine,EX_ile_L_e,-0.12325000000000001,-0.1479,0.0,-0.1479,0.0,production_relaxed,directional_measured
Mother03,Leu,Leucine,EX_leu_L_e,-0.16674999999999995,-0.20009999999999994,0.0,-0.20009999999999994,0.0,production_relaxed,directional_measured
Mother03,Lys,Lysine,EX_lys_L_e,-0.17400000000000004,-0.20880000000000004,0.0,-0.20880000000000004,0.0,production_relaxed,directional_measured
Mother03,Met,Methionine,EX_met_L_e,-0.06524999999999999,-0.07829999999999998,0.0,-0.07829999999999998,0.0,production_relaxed,directional_measured
Mother03,Phe,Phenylalanine,EX_phe_L_e,-0.10149999999999998,-0.12179999999999996,0.0,-0.12179999999999996,0.0,production_relaxed,directional_measured
Mother03,Pro,Proline,EX_pro_L_e,-0.1305,-0.1566,0.0,-0.1566,0.0,production_relaxed,directional_measured
Mother03,Ser,Serine,EX_ser_L_e,-0.15950000000000006,-0.19140000000000007,0.0,-0.19140000000000007,0.0,production_relaxed,directional_measured
Mother03,Thr,Threonine,EX_thr_L_e,-0.1305,-0.1566,0.0,-0.1566,0.0,production_relaxed,directional_measured
Mother03,Trp,Tryptophan,EX_trp_L_e,-0.029000000000000005,-0.034800000000000005,0.0,-0.034800000000000005,0.0,production_relaxed,directional_measured
Mother03,Tyr,Tyrosine,EX_tyr_L_e,-0.05074999999999999,-0.06089999999999998,0.0,-0.06089999999999998,0.0,production_relaxed,directional_measured
Mother03,Val,Valine,EX_val_L_e,-0.14499999999999996,-0.17399999999999996,0.0,-0.17399999999999996,0.0,production_relaxed,directional_measured
