clone,n_rows,days,day_min,day_max,IgG_last,VCD_last,Viability_last
High01,6,"3,5,7,10,12,14",3,14,14000.0,12.978,79.5
High02,6,"3,5,7,10,12,14",3,14,16500.0,14.44575,82.02
High03,6,"3,5,7,10,12,14",3,14,19000.0,15.694625,83.78
Low01,6,"3,5,7,10,12,14",3,14,3500.0,7.981470000000001,61.16
Low02,6,"3,5,7,10,12,14",3,14,4800.0,9.04134,63.87
Low03,6,"3,5,7,10,12,14",3,14,6200.0,10.1661,66.58
Mother01,6,"3,5,7,10,12,14",3,14,8000.0,10.3824,70.29
Mother02,6,"3,5,7,10,12,14",3,14,9800.0,11.13945,71.5
Mother03,6,"3,5,7,10,12,14",3,14,11500.0,11.922456,72.71
