clone,column,exchange_id,metabolite_name,c_start_mM,c_end_mM,delta_obs_umol,feed_add_umol,net_mmol,ivcd_gDCWh,rate_mmol_gDCWh,feed_volume_mode
High01,Gluc,EX_glc_e,Glucose,34.65,39.98216579419929,368.16516946618185,1232.0,-0.8638348305338182,0.6398776522472728,-1.3499999999999999,interval
High01,Lac,EX_lac_L_e,Lactate,5.375999999999999,4.437784489189714,-38.39265913483638,0.0,-0.03839265913483638,0.6398776522472728,-0.060000000000000026,interval
High01,NH4+,EX_nh4_e,Ammonia,1.0925,1.578299341055957,28.79449435112727,0.0,0.02879449435112727,0.6398776522472728,0.04499999999999999,interval
High01,Ala,EX_ala_L_e,Alanine,1.254,2.847603785281129,89.09816478370908,79.5,0.00959816478370908,0.6398776522472728,0.01499999999999998,interval
High01,Arg,EX_arg_L_e,Arginine,1.463,1.876119810172408,25.71468173032727,102.5,-0.07678531826967273,0.6398776522472728,-0.12,interval
High01,Asn,EX_asn_L_e,Asparagine,1.254,1.663247126627457,25.024469550545433,153.0,-0.12797553044945456,0.6398776522472728,-0.2,interval
High01,Asp,EX_asp_L_e,Aspartate,0.836,0.6356871107602754,-8.914127307869094,21.8,-0.030714127307869096,0.6398776522472728,-0.048,interval
High01,Cys,EX_cys_L_e,Cysteine,0.36575,0.2460758128309192,-5.633148525847272,30.2,-0.03583314852584727,0.6398776522472728,-0.055999999999999994,interval
High01,Gln,EX_gln_L_e,Glutamine,5.605,6.546640616834817,63.83425737076362,243.0,-0.17916574262923637,0.6398776522472728,-0.27999999999999997,interval
High01,Glu,EX_glu_L_e,Glutamate,1.2825,1.583009997507645,19.2073408651636,57.6,-0.0383926591348364,0.6398776522472728,-0.06000000000000005,interval
High01,Gly,EX_gly_e,Glycine,1.1495,0.9481852895801038,-8.247275833716373,58.3,-0.06654727583371636,0.6398776522472728,-0.104,interval
High01,His,EX_his_L_e,Histidine,0.57475,0.7308484560841538,9.766851474152727,45.6,-0.03583314852584728,0.6398776522472728,-0.056,interval
High01,Ile,EX_ile_L_e,Isoleucine,1.09725,1.16107558769632,5.976639294370912,93.0,-0.08702336070562909,0.6398776522472728,-0.13599999999999998,interval
High01,Leu,EX_leu_L_e,Leucine,1.881,1.80588377054532,0.2625119865018064,118.0,-0.11773748801349819,0.6398776522472728,-0.184,interval
High01,Lys,EX_lys_L_e,Lysine,1.881,1.677990587218551,-6.656509231476392,116.2,-0.1228565092314764,0.6398776522472728,-0.19200000000000003,interval
High01,Met,EX_met_L_e,Methionine,0.57475,0.4787589471015961,-3.871190961803645,42.2,-0.04607119096180365,0.6398776522472728,-0.07200000000000001,interval
High01,Phe,EX_phe_L_e,Phenylalanine,0.88825,0.7457495923901194,-5.666297051694542,66.0,-0.07166629705169454,0.6398776522472728,-0.11199999999999999,interval
High01,Pro,EX_pro_L_e,Proline,1.045,0.7299190032604933,-14.642381923607303,77.5,-0.0921423819236073,0.6398776522472728,-0.14400000000000002,interval
High01,Ser,EX_ser_L_e,Serine,1.5675,1.572606898419223,3.881533204479979,116.5,-0.11261846679552003,0.6398776522472728,-0.17600000000000002,interval
High01,Thr,EX_thr_L_e,Threonine,1.1495,1.179329354461972,4.257618076392696,96.4,-0.0921423819236073,0.6398776522472728,-0.14400000000000002,interval
High01,Trp,EX_trp_L_e,Tryptophan,0.26125,0.237646305509931,-0.6760848719127317,19.8,-0.02047608487191273,0.6398776522472728,-0.03200000000000001,interval
High01,Tyr,EX_tyr_L_e,Tyrosine,0.47025,0.349829971795799,-5.4331485258472725,30.4,-0.03583314852584727,0.6398776522472728,-0.055999999999999994,interval
High01,Val,EX_val_L_e,Valine,1.82875,1.725486610728953,-1.3804243595636336,101.0,-0.10238042435956364,0.6398776522472728,-0.16,interval
High02,Gluc,EX_glc_e,Glucose,35.31,41.44134042824399,412.9185171680001,1232.0,-0.8190814828319999,0.71224476768,-1.15,interval
High02,Lac,EX_lac_L_e,Lactate,5.04,3.245889609582255,-85.4693721216,0.0,-0.08546937212160001,0.71224476768,-0.12000000000000001,interval
High02,NH4+,EX_nh4_e,Ammonia,1.035,1.385958281523105,21.3673430304,0.0,0.021367343030400002,0.71224476768,0.030000000000000002,interval
High02,Ala,EX_ala_L_e,Alanine,1.2144,2.698098777049907,83.06122383839998,79.5,0.0035612238383999823,0.71224476768,0.004999999999999975,interval
High02,Arg,EX_arg_L_e,Arginine,1.4168,1.375145297700554,1.00512060559997,102.5,-0.10149487939440004,0.71224476768,-0.14250000000000004,interval
High02,Asn,EX_asn_L_e,Asparagine,1.2144,0.8640995873567471,-16.15813232399998,153.0,-0.16915813232399998,0.71224476768,-0.23749999999999996,interval
High02,Asp,EX_asp_L_e,Aspartate,0.8096,0.427714015568207,-18.797951757759996,21.8,-0.04059795175776,0.71224476768,-0.057,interval
High02,Cys,EX_cys_L_e,Cysteine,0.3542,0.0218721432399262,-17.164277050719996,30.2,-0.047364277050719994,0.71224476768,-0.06649999999999999,interval
High02,Gln,EX_gln_L_e,Glutamine,5.428000000000001,6.660889157737524,79.18370343360004,243.0,-0.16381629656639995,0.71224476768,-0.22999999999999993,interval
High02,Glu,EX_glu_L_e,Glutamate,1.242,1.200665777922366,0.6204185856000066,57.6,-0.056979581414399995,0.71224476768,-0.07999999999999999,interval
High02,Gly,EX_gly_e,Glycine,1.1132,0.5175883769227354,-29.66222880848001,58.3,-0.08796222880848001,0.71224476768,-0.12350000000000001,interval
High02,His,EX_his_L_e,Histidine,0.5566,0.5003253779903883,-1.7642770507199899,45.6,-0.047364277050719994,0.71224476768,-0.06649999999999999,interval
High02,Ile,EX_ile_L_e,Isoleucine,1.0626,0.6102615530439923,-22.02752998032001,93.0,-0.11502752998032001,0.71224476768,-0.1615,interval
High02,Leu,EX_leu_L_e,Leucine,1.8216,1.048676492826618,-37.62548173807997,118.0,-0.15562548173807997,0.71224476768,-0.21849999999999994,interval
High02,Lys,EX_lys_L_e,Lysine,1.8216,0.8903340659696862,-46.19180703103997,116.2,-0.16239180703103998,0.71224476768,-0.22799999999999995,interval
High02,Met,EX_met_L_e,Methionine,0.5566,0.1873373819475045,-18.696927636640005,42.2,-0.06089692763664001,0.71224476768,-0.0855,interval
High02,Phe,EX_phe_L_e,Phenylalanine,0.8602000000000001,0.2926026968310539,-28.728554101439983,66.0,-0.09472855410143999,0.71224476768,-0.13299999999999998,interval
High02,Pro,EX_pro_L_e,Proline,1.012,0.1502355772036965,-44.293855273280016,77.5,-0.12179385527328002,0.71224476768,-0.171,interval
High02,Ser,EX_ser_L_e,Serine,1.518,0.8553279769848423,-32.35915644512002,116.5,-0.14885915644512002,0.71224476768,-0.20900000000000002,interval
High02,Thr,EX_thr_L_e,Threonine,1.1132,0.596486224153789,-25.39385527328001,96.4,-0.12179385527328002,0.71224476768,-0.171,interval
High02,Trp,EX_trp_L_e,Tryptophan,0.2530000000000001,0.1079500707608133,-7.265301171840005,19.8,-0.027065301171840004,0.71224476768,-0.038000000000000006,interval
High02,Tyr,EX_tyr_L_e,Tyrosine,0.4554,0.1224665979534197,-16.964277050719993,30.4,-0.047364277050719994,0.71224476768,-0.06649999999999999,interval
High02,Val,EX_val_L_e,Valine,1.771,1.061206915726432,-34.32650585920001,101.0,-0.1353265058592,0.71224476768,-0.19,interval
High03,Gluc,EX_glc_e,Glucose,35.97000000000001,43.62507798636869,496.8707190625455,1232.0,-0.7351292809374544,0.7738202957236362,-0.9500000000000001,interval
High03,Lac,EX_lac_L_e,Lactate,4.704,1.929381640845572,-139.28765323025453,0.0,-0.13928765323025452,0.7738202957236362,-0.18,interval
High03,NH4+,EX_nh4_e,Ammonia,0.9775,1.222013048326668,15.476405914472743,0.0,0.015476405914472743,0.7738202957236362,0.020000000000000025,interval
High03,Ala,EX_ala_L_e,Alanine,1.1748,2.522838050302807,75.63089852138187,79.5,-0.003869101478618134,0.7738202957236362,-0.004999999999999939,interval
High03,Arg,EX_arg_L_e,Arginine,1.3706,0.8468896710831789,-25.180348794400018,102.5,-0.12768034879440002,0.7738202957236362,-0.16500000000000006,interval
High03,Asn,EX_asn_L_e,Asparagine,1.1748,0.02,-59.77264,153.0,-0.21277263999999999,0.7738202957236362,-0.2749638917147116,interval
High03,Asp,EX_asp_L_e,Aspartate,0.7832,0.2088284747179295,-29.27213951776001,21.8,-0.051072139517760004,0.7738202957236362,-0.06600000000000002,interval
High03,Cys,EX_cys_L_e,Cysteine,0.34265,0.02,-16.66727,30.2,-0.046867269999999996,0.7738202957236362,-0.06056609042047958,interval
High03,Gln,EX_gln_L_e,Glutamine,5.251,6.944808627906569,103.71234676974535,243.0,-0.13928765323025466,0.7738202957236362,-0.1800000000000002,interval
High03,Glu,EX_glu_L_e,Glutamate,1.2015,0.7847628544849602,-19.782029572363648,57.6,-0.07738202957236365,0.7738202957236362,-0.10000000000000003,interval
High03,Gly,EX_gly_e,Glycine,1.0769,0.0633478320059144,-52.35630228848002,58.3,-0.11065630228848002,0.7738202957236362,-0.14300000000000004,interval
High03,His,EX_his_L_e,Histidine,0.53845,0.2570711132953787,-13.984162770720008,45.6,-0.05958416277072001,0.7738202957236362,-0.07700000000000003,interval
High03,Ile,EX_ile_L_e,Isoleucine,1.02795,0.0285289223600735,-51.704395300320016,93.0,-0.14470439530032,0.7738202957236362,-0.18700000000000006,interval
High03,Leu,EX_leu_L_e,Leucine,1.7622,0.2496381734181141,-77.77653481808002,118.0,-0.19577653481808002,0.7738202957236362,-0.25300000000000006,interval
High03,Lys,EX_lys_L_e,Lysine,1.7622,0.0590277620879846,-88.08855807104003,116.2,-0.20428855807104002,0.7738202957236362,-0.26400000000000007,interval
High03,Met,EX_met_L_e,Methionine,0.53845,0.02,-26.809709999999995,42.2,-0.06900971,0.7738202957236362,-0.08918053762788133,interval
High03,Phe,EX_phe_L_e,Phenylalanine,0.8321500000000001,0.02,-42.02337,66.0,-0.10802337,0.7738202957236362,-0.13959748871536407,interval
High03,Pro,EX_pro_L_e,Proline,0.979,0.02,-49.630199999999995,77.5,-0.1271302,0.7738202957236362,-0.16428904837797578,interval
High03,Ser,EX_ser_L_e,Serine,1.4685,0.0980367548036964,-70.76451156512002,116.5,-0.18726451156512003,0.7738202957236362,-0.24200000000000008,interval
High03,Thr,EX_thr_L_e,Threonine,1.0769,0.02,-54.70141999999999,96.4,-0.15110142,0.7738202957236362,-0.1952668091481083,interval
High03,Trp,EX_trp_L_e,Tryptophan,0.24475,0.02,-11.596049999999998,19.8,-0.03139605,0.7738202957236362,-0.040572792124352414,interval
High03,Tyr,EX_tyr_L_e,Tyrosine,0.44055,0.02,-21.73849,30.4,-0.052138489999999996,0.7738202957236362,-0.06737803374780034,interval
High03,Val,EX_val_L_e,Valine,1.71325,0.360552401863216,-69.2404650592,101.0,-0.1702404650592,0.7738202957236362,-0.22000000000000006,interval
Low01,Gluc,EX_glc_e,Glucose,29.28,19.52380505320113,-460.4661466218188,1232.0,-1.6924661466218187,0.4513243057658183,-3.7500000000000004,interval
Low01,Lac,EX_lac_L_e,Lactate,7.840000000000001,12.67898465018128,279.82106957480715,0.0,0.2798210695748072,0.4513243057658183,0.6199999999999997,interval
Low01,NH4+,EX_nh4_e,Ammonia,1.71,4.473720221079081,153.45026396037832,0.0,0.15345026396037834,0.4513243057658183,0.34000000000000025,interval
Low01,Ala,EX_ala_L_e,Alanine,1.3356,4.917345646933692,196.84431949911271,79.5,0.11734431949911271,0.4513243057658183,0.2599999999999999,interval
Low01,Arg,EX_arg_L_e,Arginine,1.5582,3.042470099577819,83.88287238716002,102.5,-0.01861712761283998,0.4513243057658183,-0.041249999999999946,interval
Low01,Asn,EX_asn_L_e,Asparagine,1.3356,3.533374010695009,121.97145397860001,153.0,-0.03102854602139999,0.4513243057658183,-0.06874999999999996,interval
Low01,Asp,EX_asp_L_e,Aspartate,0.8904,1.11785340027475,14.353148954863983,21.8,-0.007446851045136018,0.4513243057658183,-0.016500000000000035,interval
Low01,Cys,EX_cys_L_e,Cysteine,0.38902,0.7701153995195563,21.512007114008,30.2,-0.008687992885991999,0.4513243057658183,-0.019249999999999993,interval
Low01,Gln,EX_gln_L_e,Glutamine,5.83,4.901532909892655,-36.821069574807325,243.0,-0.27982106957480735,0.4513243057658183,-0.62,interval
Low01,Glu,EX_glu_L_e,Glutamate,1.643,3.388661506819291,98.21918751892365,57.6,0.04061918751892365,0.4513243057658183,0.09000000000000001,interval
Low01,Gly,EX_gly_e,Glycine,1.2243,1.951643180570646,42.16515606887196,58.3,-0.01613484393112804,0.4513243057658183,-0.03575000000000008,interval
Low01,His,EX_his_L_e,Histidine,0.61268,1.268924789538041,36.912007114008034,45.6,-0.008687992885991968,0.4513243057658183,-0.019249999999999923,interval
Low01,Ile,EX_ile_L_e,Isoleucine,1.16918,2.448504855923253,71.900588705448,93.0,-0.021099411294552,0.4513243057658183,-0.046749999999999986,interval
Low01,Leu,EX_leu_L_e,Leucine,2.0034,3.571716407769168,89.45373766031202,118.0,-0.028546262339687985,0.4513243057658183,-0.06324999999999996,interval
Low01,Lys,EX_lys_L_e,Lysine,2.0034,3.515503065054639,86.41259581945599,116.2,-0.029787404180544017,0.4513243057658183,-0.06600000000000002,interval
Low01,Met,EX_met_L_e,Methionine,0.61268,1.160194961779963,31.029723432296002,42.2,-0.011170276567704,0.4513243057658183,-0.024749999999999994,interval
Low01,Phe,EX_phe_L_e,Phenylalanine,0.94552,1.804102592015083,48.624014228015994,66.0,-0.017375985771984005,0.4513243057658183,-0.0385,interval
Low01,Pro,EX_pro_L_e,Proline,1.113,2.085265191582107,55.159446864592006,77.5,-0.022340553135407993,0.4513243057658183,-0.049499999999999975,interval
Low01,Ser,EX_ser_L_e,Serine,1.6695,3.247226977840443,89.19487950116797,116.5,-0.027305120498832026,0.4513243057658183,-0.06050000000000005,interval
Low01,Thr,EX_thr_L_e,Threonine,1.2243,2.541186448513715,74.05944686459199,96.4,-0.022340553135408014,0.4513243057658183,-0.04950000000000002,interval
Low01,Trp,EX_trp_L_e,Tryptophan,0.27878,0.5411503999367097,14.835432636575996,19.8,-0.004964567363424004,0.4513243057658183,-0.011000000000000006,interval
Low01,Tyr,EX_tyr_L_e,Tyrosine,0.50138,0.8813953995195563,21.712007114007992,30.4,-0.008687992885992006,0.4513243057658183,-0.01925000000000001,interval
Low01,Val,EX_val_L_e,Valine,1.94828,3.273531740903512,76.17716318288002,101.0,-0.024822836817119977,0.4513243057658183,-0.05499999999999994,interval
Low02,Gluc,EX_glc_e,Glucose,28.67,17.620552758122,-531.8340957855999,1232.0,-1.7638340957855998,0.511256259648,-3.4499999999999993,interval
Low02,Lac,EX_lac_L_e,Lactate,7.56,11.96369925737523,255.6281298240001,0.0,0.25562812982400007,0.511256259648,0.5000000000000001,interval
Low02,NH4+,EX_nh4_e,Ammonia,1.65,4.225910401135674,143.15175270144,0.0,0.14315175270143998,0.511256259648,0.27999999999999997,interval
Low02,Ala,EX_ala_L_e,Alanine,1.2978,4.791172220380037,191.97637712256,79.5,0.11247637712255999,0.511256259648,0.21999999999999997,interval
Low02,Arg,EX_arg_L_e,Arginine,1.5141,2.84823338943586,75.65904636848002,102.5,-0.02684095363151998,0.511256259648,-0.052499999999999956,interval
Low02,Asn,EX_asn_L_e,Asparagine,1.2978,3.243828415541589,108.26507728079996,153.0,-0.04473492271920004,0.511256259648,-0.08750000000000008,interval
Low02,Asp,EX_asp_L_e,Aspartate,0.8652,1.032920121023882,11.063618547392032,21.8,-0.010736381452607968,0.511256259648,-0.020999999999999935,interval
Low02,Cys,EX_cys_L_e,Cysteine,0.37801,0.688634743782329,17.674221638624,30.2,-0.012525778361375998,0.511256259648,-0.024499999999999994,interval
Low02,Gln,EX_gln_L_e,Glutamine,5.665,4.529222402969317,-48.41606799935994,243.0,-0.29141606799935993,0.511256259648,-0.5699999999999998,interval
Low02,Glu,EX_glu_L_e,Glutamate,1.5965,3.254836195478004,93.38793817536003,57.6,0.03578793817536003,0.511256259648,0.07000000000000005,interval
Low02,Gly,EX_gly_e,Glycine,1.18965,1.786722923955933,35.03784018601598,58.3,-0.02326215981398402,0.511256259648,-0.045500000000000033,interval
Low02,His,EX_his_L_e,Histidine,0.59534,1.181383246554972,33.074221638623996,45.6,-0.012525778361376005,0.511256259648,-0.024500000000000008,interval
Low02,Ile,EX_ile_L_e,Isoleucine,1.13609,2.244541858612643,62.580252550943996,93.0,-0.030419747449056005,0.511256259648,-0.059500000000000004,interval
Low02,Leu,EX_leu_L_e,Leucine,1.9467,3.284342534165176,76.84387109833604,118.0,-0.04115612890166396,0.511256259648,-0.08049999999999992,interval
Low02,Lys,EX_lys_L_e,Lysine,1.9467,3.217995086683327,73.254474189568,116.2,-0.042945525810432005,0.511256259648,-0.084,interval
Low02,Met,EX_met_L_e,Methionine,0.59534,1.052385209262255,26.095427821088002,42.2,-0.016104572178912,0.511256259648,-0.0315,interval
Low02,Phe,EX_phe_L_e,Phenylalanine,0.91876,1.636602796252274,40.94844327724802,66.0,-0.025051556722751982,0.511256259648,-0.04899999999999996,interval
Low02,Pro,EX_pro_L_e,Proline,1.0815,1.872690492461663,45.29085564217598,77.5,-0.03220914435782402,0.511256259648,-0.06300000000000004,interval
Low02,Ser,EX_ser_L_e,Serine,1.62225,2.979035452996377,77.13326800710401,116.5,-0.03936673199289599,0.511256259648,-0.07699999999999997,interval
Low02,Thr,EX_thr_L_e,Threonine,1.18965,2.325595668062403,64.19085564217599,96.4,-0.032209144357824016,0.511256259648,-0.06300000000000003,interval
Low02,Trp,EX_trp_L_e,Tryptophan,0.27089,0.493059415248207,12.642412364928001,19.8,-0.007157587635072,0.511256259648,-0.014,interval
Low02,Tyr,EX_tyr_L_e,Tyrosine,0.48719,0.7968699378673568,17.874221638624004,30.4,-0.012525778361375995,0.511256259648,-0.024499999999999987,interval
Low02,Val,EX_val_L_e,Valine,1.89314,3.018053859974862,65.21206182464005,101.0,-0.035787938175359954,0.511256259648,-0.06999999999999991,interval
Low03,Gluc,EX_glc_e,Glucose,28.06,16.16833312362964,-578.8011780116362,1232.0,-1.8108011780116362,0.5748575168290909,-3.1499999999999995,interval
Low03,Lac,EX_lac_L_e,Lactate,7.28,11.00831527532448,218.44585639505436,0.0,0.21844585639505437,0.5748575168290909,0.37999999999999967,interval
Low03,NH4+,EX_nh4_e,Ammonia,1.59,3.966344341417577,132.21722887069095,0.0,0.13221722887069096,0.5748575168290909,0.23000000000000007,interval
Low03,Ala,EX_ala_L_e,Alanine,1.2726,4.60064756061435,182.97435302923634,79.5,0.10347435302923634,0.5748575168290909,0.17999999999999997,interval
Low03,Arg,EX_arg_L_e,Arginine,1.4847,2.638822427026718,65.85283330214548,102.5,-0.03664716669785452,0.5748575168290909,-0.06374999999999996,interval
Low03,Asn,EX_asn_L_e,Asparagine,1.2726,2.91759831491514,91.92138883690909,153.0,-0.061078611163090914,0.5748575168290909,-0.10625000000000001,interval
Low03,Asp,EX_asp_L_e,Aspartate,0.8483999999999999,0.9443300059308348,7.141133320858174,21.8,-0.014658866679141827,0.5748575168290909,-0.025500000000000016,interval
Low03,Cys,EX_cys_L_e,Cysteine,0.37067,0.5970183895440766,13.097988874334543,30.2,-0.017102011125665458,0.5748575168290909,-0.029750000000000006,interval
Low03,Gln,EX_gln_L_e,Glutamine,5.555,4.285084865968072,-55.92590875112728,243.0,-0.2989259087511273,0.5748575168290909,-0.52,interval
Low03,Glu,EX_glu_L_e,Glutamate,1.5655,3.094931161579566,86.34287584145454,57.6,0.028742875841454543,0.5748575168290909,0.049999999999999996,interval
Low03,Gly,EX_gly_e,Glycine,1.16655,1.607512240206889,26.53912219519271,58.3,-0.03176087780480728,0.5748575168290909,-0.055250000000000014,interval
Low03,His,EX_his_L_e,Histidine,0.58378,1.085726300819492,28.49798887433452,45.6,-0.017102011125665482,0.5748575168290909,-0.029750000000000047,interval
Low03,Ile,EX_ile_L_e,Isoleucine,1.11403,2.017990728449135,51.466544409098205,93.0,-0.0415334555909018,0.5748575168290909,-0.07224999999999997,interval
Low03,Leu,EX_leu_L_e,Leucine,1.9089,2.970216224213611,61.80767772995635,118.0,-0.05619232227004365,0.5748575168290909,-0.09775000000000002,interval
Low03,Lys,EX_lys_L_e,Lysine,1.9089,2.891784718732583,57.564533283432766,116.2,-0.05863546671656723,0.5748575168290909,-0.10199999999999992,interval
Low03,Met,EX_met_L_e,Methionine,0.58378,0.9325601475284152,20.21169998128727,42.2,-0.02198830001871273,0.5748575168290909,-0.038250000000000006,interval
Low03,Phe,EX_phe_L_e,Phenylalanine,0.90092,1.450344431583532,31.79597774866908,66.0,-0.03420402225133092,0.5748575168290909,-0.05950000000000002,interval
Low03,Pro,EX_pro_L_e,Proline,1.0605,1.635070239603965,33.523399962574516,77.5,-0.043976600037425484,0.5748575168290909,-0.07650000000000005,interval
Low03,Ser,EX_ser_L_e,Serine,1.59075,2.68302536370573,62.750822176480014,116.5,-0.053749177823519984,0.5748575168290909,-0.09349999999999997,interval
Low03,Thr,EX_thr_L_e,Threonine,1.16655,2.085964694317459,52.42339996257453,96.4,-0.04397660003742548,0.5748575168290909,-0.07650000000000004,interval
Low03,Trp,EX_trp_L_e,Tryptophan,0.26563,0.4396868061720046,10.027422213905453,19.8,-0.009772577786094548,0.5748575168290909,-0.017000000000000005,interval
Low03,Tyr,EX_tyr_L_e,Tyrosine,0.47773,0.7032237130191228,13.297988874334546,30.4,-0.017102011125665454,0.5748575168290909,-0.02975,interval
Low03,Val,EX_val_L_e,Valine,1.85638,2.741175509603091,52.137111069527236,101.0,-0.04886288893047276,0.5748575168290909,-0.08500000000000006,interval
Mother01,Gluc,EX_glc_e,Glucose,30.5,29.18695178496386,-0.8859084334549152,1232.0,-1.232885908433455,0.5870885278254547,-2.1,interval
Mother01,Lac,EX_lac_L_e,Lactate,6.859999999999999,7.870584534917828,70.45062333905457,0.0,0.07045062333905458,0.5870885278254547,0.12000000000000002,interval
Mother01,NH4+,EX_nh4_e,Ammonia,1.47,2.546955553080827,61.64429542167274,0.0,0.06164429542167274,0.5870885278254547,0.10499999999999998,interval
Mother01,Ala,EX_ala_L_e,Alanine,1.2348,3.465698328778357,123.53163958690914,79.5,0.04403163958690914,0.5870885278254547,0.07500000000000005,interval
Mother01,Arg,EX_arg_L_e,Arginine,1.4406,2.419405886021173,56.26677843374547,102.5,-0.04623322156625453,0.5870885278254547,-0.07874999999999995,interval
Mother01,Asn,EX_asn_L_e,Asparagine,1.2348,2.586086334989077,75.94463072290907,153.0,-0.07705536927709093,0.5870885278254547,-0.13125,interval
Mother01,Asp,EX_asp_L_e,Aspartate,0.8231999999999999,0.8493247943345317,3.3067113734981746,21.8,-0.018493288626501826,0.5870885278254547,-0.0315,interval
Mother01,Cys,EX_cys_L_e,Cysteine,0.35966,0.5037871460705089,8.624496602414535,30.2,-0.021575503397585464,0.5870885278254547,-0.036750000000000005,interval
Mother01,Gln,EX_gln_L_e,Glutamine,5.39,5.094728619469667,-3.577181686690949,243.0,-0.24657718168669096,0.5870885278254547,-0.41999999999999993,interval
Mother01,Glu,EX_glu_L_e,Glutamate,1.519,2.62763558739842,63.47088527825453,57.6,0.005870885278254526,0.5870885278254547,0.009999999999999964,interval
Mother01,Gly,EX_gly_e,Glycine,1.1319,1.420769463510401,18.231207975912703,58.3,-0.040068792024087294,0.5870885278254547,-0.06825000000000002,interval
Mother01,His,EX_his_L_e,Histidine,0.5664399999999999,0.9864341701000838,24.02449660241454,45.6,-0.02157550339758546,0.5870885278254547,-0.03675,interval
Mother01,Ile,EX_ile_L_e,Isoleucine,1.08094,1.785490589493127,40.60234889157818,93.0,-0.05239765110842182,0.5870885278254547,-0.08924999999999997,interval
Mother01,Leu,EX_leu_L_e,Leucine,1.8522,2.644233276618786,47.10906026507632,118.0,-0.07089093973492368,0.5870885278254547,-0.12075000000000004,interval
Mother01,Lys,EX_lys_L_e,Lysine,1.8522,2.553989010979532,42.22684549399267,116.2,-0.07397315450600733,0.5870885278254547,-0.12600000000000006,interval
Mother01,Met,EX_met_L_e,Methionine,0.5664399999999999,0.8096424964925556,14.460067060247265,42.2,-0.027739932939752736,0.5870885278254547,-0.04725,interval
Mother01,Phe,EX_phe_L_e,Phenylalanine,0.87416,1.259343460348042,22.84899320482908,66.0,-0.04315100679517092,0.5870885278254547,-0.0735,interval
Mother01,Pro,EX_pro_L_e,Proline,1.029,1.392279743447218,22.02013412049451,77.5,-0.05547986587950549,0.5870885278254547,-0.09450000000000003,interval
Mother01,Ser,EX_ser_L_e,Serine,1.5435,2.377903420261737,48.69127503615998,116.5,-0.06780872496384002,0.5870885278254547,-0.1155,interval
Mother01,Thr,EX_thr_L_e,Threonine,1.1319,1.840158116829843,40.92013412049453,96.4,-0.05547986587950547,0.5870885278254547,-0.0945,interval
Mother01,Trp,EX_trp_L_e,Tryptophan,0.25774,0.384881199919879,7.471140915665455,19.8,-0.012328859084334546,0.5870885278254547,-0.020999999999999994,interval
Mother01,Tyr,EX_tyr_L_e,Tyrosine,0.46354,0.606947663630583,8.824496602414538,30.4,-0.02157550339758546,0.5870885278254547,-0.03675,interval
Mother01,Val,EX_val_L_e,Valine,1.80124,2.452124520856326,39.355704578327234,101.0,-0.06164429542167277,0.5870885278254547,-0.10500000000000004,interval
Mother02,Gluc,EX_glc_e,Glucose,31.11,30.43795885408167,35.19557400581857,1232.0,-1.1968044259941815,0.6298970663127272,-1.8999999999999995,interval
Mother02,Lac,EX_lac_L_e,Lactate,6.58,7.348146690723575,56.69073596814542,0.0,0.05669073596814542,0.6298970663127272,0.08999999999999994,interval
Mother02,NH4+,EX_nh4_e,Ammonia,1.425,2.295873665527138,50.39176530501818,0.0,0.05039176530501818,0.6298970663127272,0.08,interval
Mother02,Ala,EX_ala_L_e,Alanine,1.2096,3.268052100687615,114.14433864719997,79.5,0.03464433864719997,0.6298970663127272,0.05499999999999996,interval
Mother02,Arg,EX_arg_L_e,Arginine,1.4112,2.154294085641069,43.44715003318184,102.5,-0.05905284996681816,0.6298970663127272,-0.09374999999999997,interval
Mother02,Asn,EX_asn_L_e,Asparagine,1.2096,2.167021504411024,54.5785833886364,153.0,-0.0984214166113636,0.6298970663127272,-0.15624999999999994,interval
Mother02,Asp,EX_asp_L_e,Aspartate,0.8063999999999999,0.7384543440531004,-1.8211399867272604,21.8,-0.02362113998672726,0.6298970663127272,-0.037499999999999985,interval
Mother02,Cys,EX_cys_L_e,Cysteine,0.35232,0.3861770674458075,2.6420033488181858,30.2,-0.027557996651181815,0.6298970663127272,-0.04375,interval
Mother02,Gln,EX_gln_L_e,Glutamine,5.279999999999999,5.239225239635692,9.938085464290964,243.0,-0.23306191453570904,0.6298970663127272,-0.36999999999999994,interval
Mother02,Glu,EX_glu_L_e,Glutamate,1.488,2.48943438077634,57.59999999999998,57.6,-2.1316282072803006e-17,0.6298970663127272,-3.3840897525660225e-17,interval
Mother02,Gly,EX_gly_e,Glycine,1.1088,1.193284720186523,7.120863362090901,58.3,-0.051179136637909094,0.6298970663127272,-0.08125,interval
Mother02,His,EX_his_L_e,Histidine,0.5548799999999999,0.864783499978155,18.04200334881819,45.6,-0.02755799665118181,0.6298970663127272,-0.04374999999999999,interval
Mother02,Ile,EX_ile_L_e,Isoleucine,1.05888,1.495811842962527,26.0734367042727,93.0,-0.06692656329572731,0.6298970663127272,-0.10625000000000007,interval
Mother02,Leu,EX_leu_L_e,Leucine,1.8144,2.244699015111746,27.452296717545465,118.0,-0.09054770328245454,0.6298970663127272,-0.14375,interval
Mother02,Lys,EX_lys_L_e,Lysine,1.8144,2.138657302275248,21.715440053090944,116.2,-0.09448455994690906,0.6298970663127272,-0.14999999999999997,interval
Mother02,Met,EX_met_L_e,Methionine,0.5548799999999999,0.6563969319761386,6.768290019909102,42.2,-0.0354317099800909,0.6298970663127272,-0.056249999999999994,interval
Mother02,Phe,EX_phe_L_e,Phenylalanine,0.85632,1.021097646906402,10.884006697636352,66.0,-0.05511599330236365,0.6298970663127272,-0.08750000000000002,interval
Mother02,Pro,EX_pro_L_e,Proline,1.008,1.087818485024366,6.636580039818199,77.5,-0.0708634199601818,0.6298970663127272,-0.11249999999999999,interval
Mother02,Ser,EX_ser_L_e,Serine,1.512,2.000198768613678,29.889153382000003,116.5,-0.08661084661799999,0.6298970663127272,-0.13749999999999998,interval
Mother02,Thr,EX_thr_L_e,Threonine,1.1088,1.533686137519745,25.536580039818205,96.4,-0.0708634199601818,0.6298970663127272,-0.11249999999999999,interval
Mother02,Trp,EX_trp_L_e,Tryptophan,0.25248,0.3166550340514199,4.052573342181821,19.8,-0.01574742665781818,0.6298970663127272,-0.024999999999999998,interval
Mother02,Tyr,EX_tyr_L_e,Tyrosine,0.45408,0.4873077143958999,2.8420033488181886,30.4,-0.02755799665118181,0.6298970663127272,-0.04374999999999999,interval
Mother02,Val,EX_val_L_e,Valine,1.76448,2.100978386523274,22.262866710909123,101.0,-0.07873713328909088,0.6298970663127272,-0.12499999999999996,interval
Mother03,Gluc,EX_glc_e,Glucose,31.72,31.9593594380174,85.90534559674165,1232.0,-1.1460946544032584,0.6741733261195637,-1.7000000000000002,interval
Mother03,Lac,EX_lac_L_e,Lactate,6.3,6.779859511408018,40.450399567173804,0.0,0.040450399567173806,0.6741733261195637,0.05999999999999998,interval
Mother03,NH4+,EX_nh4_e,Ammonia,1.38,2.069027718432048,40.45039956717379,0.0,0.04045039956717379,0.6741733261195637,0.059999999999999956,interval
Mother03,Ala,EX_ala_L_e,Alanine,1.1844,3.039704000262195,103.09606641418476,79.5,0.023596066414184762,0.6741733261195637,0.035000000000000045,interval
Mother03,Arg,EX_arg_L_e,Arginine,1.3818,1.862493360157069,29.183650784497445,102.5,-0.07331634921550255,0.6741733261195637,-0.10875,interval
Mother03,Asn,EX_asn_L_e,Asparagine,1.1844,1.703475131993144,30.8060846408291,153.0,-0.1221939153591709,0.6741733261195637,-0.18124999999999997,interval
Mother03,Asp,EX_asp_L_e,Aspartate,0.7896,0.6169083237301104,-7.526539686201019,21.8,-0.02932653968620102,0.6741733261195637,-0.0435,interval
Mother03,Cys,EX_cys_L_e,Cysteine,0.34498,0.2561121571059546,-4.014296300567857,30.2,-0.034214296300567854,0.6741733261195637,-0.05074999999999999,interval
Mother03,Gln,EX_gln_L_e,Glutamine,5.17,5.454168865836222,27.264535641739656,243.0,-0.21573546435826035,0.6741733261195637,-0.31999999999999995,interval
Mother03,Glu,EX_glu_L_e,Glutamate,1.457,2.27282809811842,47.48740010820653,57.6,-0.010112599891793472,0.6741733261195637,-0.015000000000000025,interval
Mother03,Gly,EX_gly_e,Glycine,1.0857,0.9426695751059356,-5.240835986768886,58.3,-0.06354083598676888,0.6741733261195637,-0.09425,interval
Mother03,His,EX_his_L_e,Histidine,0.5433199999999999,0.7306779981410747,11.385703699432149,45.6,-0.034214296300567854,0.6741733261195637,-0.05074999999999999,interval
Mother03,Ile,EX_ile_L_e,Isoleucine,1.03682,1.175885647980846,9.908137555763766,93.0,-0.08309186244423623,0.6741733261195637,-0.12325000000000001,interval
Mother03,Leu,EX_leu_L_e,Leucine,1.7766,1.804241735112066,5.581597869562785,118.0,-0.11241840213043722,0.6741733261195637,-0.16674999999999995,interval
Mother03,Lys,EX_lys_L_e,Lysine,1.7766,1.68062331340473,-1.1061587448041053,116.2,-0.11730615874480411,0.6741733261195637,-0.17400000000000004,interval
Mother03,Met,EX_met_L_e,Methionine,0.5433199999999999,0.4871380123973839,-1.7898095293015253,42.2,-0.043989809529301524,0.6741733261195637,-0.06524999999999999,interval
Mother03,Phe,EX_phe_L_e,Phenylalanine,0.83848,0.7579421700344602,-2.428592601135705,66.0,-0.06842859260113571,0.6741733261195637,-0.10149999999999998,interval
Mother03,Pro,EX_pro_L_e,Proline,0.987,0.7513305164768379,-10.479619058603063,77.5,-0.08797961905860306,0.6741733261195637,-0.1305,interval
Mother03,Ser,EX_ser_L_e,Serine,1.4805,1.583350360146572,8.96935448392955,116.5,-0.10753064551607044,0.6741733261195637,-0.15950000000000006,interval
Mother03,Thr,EX_thr_L_e,Threonine,1.0857,1.195187448084971,8.420380941396928,96.4,-0.08797961905860308,0.6741733261195637,-0.1305,interval
Mother03,Trp,EX_trp_L_e,Tryptophan,0.24722,0.2413118214885887,0.24897354253265114,19.8,-0.01955102645746735,0.6741733261195637,-0.029000000000000005,interval
Mother03,Tyr,EX_tyr_L_e,Tyrosine,0.44462,0.3552129334460655,-3.814296300567854,30.4,-0.034214296300567854,0.6741733261195637,-0.05074999999999999,interval
Mother03,Val,EX_val_L_e,Valine,1.72772,1.71424701871836,3.244867712663293,101.0,-0.0977551322873367,0.6741733261195637,-0.14499999999999996,interval
