analysis_type,clone,objective,production_rxn,obj,predicted_capacity,fba_max_capacity_diagnostic,production_flux,measured_igg_rate,uses_igg_as_input,mode,status,n_constraints,igG_day14,biomass_capacity,biomass_lb,biomass_status,group,resource_limited_igg_proxy,aa_support_median_proxy,aa_support_mean_proxy,aa_total_uptake,essential_aa_total_uptake,aa_bottleneck_metabolite,glucose_uptake_capacity,lactate_exchange_rate,lac_glc_ratio_feature,carbon_efficiency_proxy,product_requirement_source,product_aa_requirement_total,resource_proxy_note,strict_obj,strict_capacity,demand_scale,scaled_igg_demand,capacity_utilization,pfba_total_flux,secondary_obj
explanation,High03,fixed_measured_qIgG_pFBA,DM_igg_g,0.00045045045045045035,,,0.00045045045045045035,0.0026458339375621813,True,measured_scaled_demand_pfba,optimal,23,19000,0.0,0.0,not_used,High,,,,,,,,,,,,,,0.0005005005005005003,0.0005005005005005003,0.17024895026688122,0.00045045045045045035,0.9000000000000002,20.727607685488746,20.727607685488746
explanation,High02,fixed_measured_qIgG_pFBA,DM_igg_g,0.0004303284475698267,,,0.0004303284475698267,0.0025276422961507043,True,measured_scaled_demand_pfba,optimal,23,16500,0.0,0.0,not_used,High,,,,,,,,,,,,,,0.0005005005005005003,0.0005005005005005003,0.17024895026688122,0.0004303284475698267,0.8597962382445141,19.688282718448633,19.688282718448633
explanation,High01,fixed_measured_qIgG_pFBA,DM_igg_g,0.0004132519218726113,,,0.0004132519218726113,0.002427339030430438,True,measured_scaled_demand_pfba,optimal,23,14000,0.0,0.0,not_used,High,,,,,,,,,,,,,,0.0005005005005005013,0.0005005005005005013,0.17024895026688122,0.0004132519218726113,0.8256773399014761,18.88879859210173,18.88879859210173
explanation,Mother03,fixed_measured_qIgG_pFBA,DM_igg_g,0.0002941721282676759,,,0.0002941721282676759,0.001727893933011237,True,measured_scaled_demand_pfba,optimal,23,11500,0.0,0.0,not_used,Mid,,,,,,,,,,,,,,0.0005005005005005006,0.0005005005005005006,0.17024895026688122,0.0002941721282676759,0.5877559122788163,13.20406861490033,13.20406861490033
explanation,Mother02,fixed_measured_qIgG_pFBA,DM_igg_g,0.00026714533444142414,,,0.00026714533444142414,0.0015691452665208727,True,measured_scaled_demand_pfba,optimal,22,9800,0.0,0.0,not_used,Mid,,,,,,,,,,,,,,0.0005005005005005005,0.0005005005005005005,0.17024895026688122,0.00026714533444142414,0.5337563782139655,11.951059764383714,11.951059764383714
explanation,Mother01,fixed_measured_qIgG_pFBA,DM_igg_g,0.00023544170286150798,,,0.00023544170286150798,0.0013829260180014678,True,measured_scaled_demand_pfba,optimal,23,8000,0.0,0.0,not_used,Mid,,,,,,,,,,,,,,0.0005005005005005005,0.0005005005005005005,0.17024895026688122,0.00023544170286150798,0.47041252231729297,10.468324881035027,10.468324881035027
explanation,Low03,fixed_measured_qIgG_pFBA,DM_igg_g,0.00017772472667436685,,,0.00017772472667436685,0.0010439108517013857,True,measured_scaled_demand_pfba,optimal,23,6200,0.0,0.0,not_used,Low,,,,,,,,,,,,,,0.0005005005005005005,0.0005005005005005005,0.17024895026688122,0.00017772472667436685,0.355094003895385,7.87766187955919,7.87766187955919
explanation,Low02,fixed_measured_qIgG_pFBA,DM_igg_g,0.00014693678148211444,,,0.00014693678148211444,0.0008630701173298116,True,measured_scaled_demand_pfba,optimal,23,4800,0.0,0.0,not_used,Low,,,,,,,,,,,,,,0.0005005005005005006,0.0005005005005005006,0.17024895026688122,0.00014693678148211444,0.2935796894012646,6.513686918487733,6.513686918487733
explanation,Low01,fixed_measured_qIgG_pFBA,DM_igg_g,0.00013315896945154218,,,0.00013315896945154218,0.0007821426754338455,True,measured_scaled_demand_pfba,optimal,23,3500,0.0,0.0,not_used,Low,,,,,,,,,,,,,,0.0005005005005005006,0.0005005005005005006,0.17024895026688122,0.00013315896945154218,0.2660516209641812,5.924476140765032,5.924476140765032
prediction,High03,DM_igg_g,DM_igg_g,0.0005005005005005003,0.0005005005005005003,0.0005005005005005003,0.0005005005005005003,0.0026458339375621813,False,prediction_diagnostic_no_igg_input,optimal,23,19000,0.0,0.0,not_used,High,7.692307692307599e-05,0.0022542582631806026,0.003374999314991934,3.5205776302520086,1.9567411531388474,ala_L_c,1.1400000000000001,-0.216,-0.1894736842105263,1.1400000000000001,generic_iCHO3K_igg_hc_lc,1328.0,No measured IgG used. ML-ready feature only; not a stand-alone validated prediction.,,,,,,,
prediction,High02,DM_igg_g,DM_igg_g,0.0005005005005005003,0.0005005005005005003,0.0005005005005005003,0.0005005005005005003,0.0025276422961507043,False,prediction_diagnostic_no_igg_input,optimal,23,16500,0.0,0.0,not_used,High,0.0002564102564102564,0.002315625,0.003114721857196894,3.230599999999999,1.7213999999999998,ala_L_c,1.38,-0.14400000000000002,-0.10434782608695654,1.38,generic_iCHO3K_igg_hc_lc,1328.0,No measured IgG used. ML-ready feature only; not a stand-alone validated prediction.,,,,,,,
prediction,High01,DM_igg_g,DM_igg_g,0.0005005005005005013,0.0005005005005005013,0.0005005005005005013,0.0005005005005005013,0.002427339030430438,False,prediction_diagnostic_no_igg_input,optimal,23,14000,0.0,0.0,not_used,High,0.0002564102564102564,0.00195,0.002704133020139163,2.8184000000000005,1.4496,ala_L_c,1.6199999999999999,-0.07200000000000002,-0.04444444444444446,1.6199999999999999,generic_iCHO3K_igg_hc_lc,1328.0,No measured IgG used. ML-ready feature only; not a stand-alone validated prediction.,,,,,,,
prediction,Mother03,DM_igg_g,DM_igg_g,0.0005005005005005006,0.0005005005005005006,0.0005005005005005006,0.0005005005005005006,0.001727893933011237,False,prediction_diagnostic_no_igg_input,optimal,23,11500,0.0,0.0,not_used,Mid,0.00029032258064516176,0.0017671874999999997,0.0024940701979709263,2.6103000000000005,1.3136999999999999,glu_L_c,2.04,0.07199999999999997,0.03529411764705881,1.9029850746268655,generic_iCHO3K_igg_hc_lc,1328.0,No measured IgG used. ML-ready feature only; not a stand-alone validated prediction.,,,,,,,
prediction,Mother02,DM_igg_g,DM_igg_g,0.0005005005005005005,0.0005005005005005005,0.0005005005005005005,0.0005005005005005005,0.0015691452665208727,False,prediction_diagnostic_no_igg_input,optimal,22,9800,0.0,0.0,not_used,Mid,0.0,0.0015234374999999998,0.002250782685424581,2.377499999999999,1.1325,glu_L_c,2.2799999999999994,0.10799999999999993,0.04736842105263156,2.057761732851985,generic_iCHO3K_igg_hc_lc,1328.0,No measured IgG used. ML-ready feature only; not a stand-alone validated prediction.,,,,,,,
prediction,Mother01,DM_igg_g,DM_igg_g,0.0005005005005005005,0.0005005005005005005,0.0005005005005005005,0.0005005005005005005,0.0013829260180014678,False,prediction_diagnostic_no_igg_input,optimal,23,8000,0.0,0.0,not_used,Mid,0.0003225806451612903,0.0012796875000000002,0.002038140334168559,2.1826999999999996,0.9512999999999998,glu_L_c,2.52,0.14400000000000002,0.05714285714285715,2.2027972027972025,generic_iCHO3K_igg_hc_lc,1328.0,No measured IgG used. ML-ready feature only; not a stand-alone validated prediction.,,,,,,,
prediction,Low03,DM_igg_g,DM_igg_g,0.0005005005005005005,0.0005005005005005005,0.0005005005005005005,0.0005005005005005005,0.0010439108517013857,False,prediction_diagnostic_no_igg_input,optimal,23,6200,0.0,0.0,not_used,Low,0.0005758064516129031,0.0011823022959183667,0.0019570116305552164,2.1698999999999997,0.7701,tyr_L_c,3.7799999999999994,0.4559999999999996,0.12063492063492054,2.5961538461538467,generic_iCHO3K_igg_hc_lc,1328.0,No measured IgG used. ML-ready feature only; not a stand-alone validated prediction.,,,,,,,
prediction,Low02,DM_igg_g,DM_igg_g,0.0005005005005005006,0.0005005005005005006,0.0005005005005005006,0.0005005005005005006,0.0008630701173298116,False,prediction_diagnostic_no_igg_input,optimal,23,4800,0.0,0.0,not_used,Low,0.00047419354838709645,0.0010509523809523803,0.0018365187008600983,2.0778,0.6341999999999998,tyr_L_c,4.139999999999999,0.6000000000000001,0.14492753623188412,2.587499999999999,generic_iCHO3K_igg_hc_lc,1328.0,No measured IgG used. ML-ready feature only; not a stand-alone validated prediction.,,,,,,,
prediction,Low01,DM_igg_g,DM_igg_g,0.0005005005005005006,0.0005005005005005006,0.0005005005005005006,0.0005005005005005006,0.0007821426754338455,False,prediction_diagnostic_no_igg_input,optimal,23,3500,0.0,0.0,not_used,Low,0.0003725806451612905,0.0008257482993197277,0.001716025771164979,1.9857,0.49829999999999974,tyr_L_c,4.5,0.7439999999999996,0.16533333333333322,2.580275229357799,generic_iCHO3K_igg_hc_lc,1328.0,No measured IgG used. ML-ready feature only; not a stand-alone validated prediction.,,,,,,,
